seed,x_axle,Tree Construction Time,PD Initialization Time,PD Solve Time,Route time,Total Time,Route Cost,,,,,,,,,,,,,,,,,
11,3,0.890030146,0.021784782,0.000110149,22.03432488,22.94624996,12065.17513,,3,0.758176227,0.017834535,0.000386181,21.97701567,22.75341262,10189.03335,,3,0.758176227,0.017834535,0.000386181,21.97701567,22.75341262,10189.03335,#DIV/0!
11,9,0.771358967,0.020996809,0.000743151,21.04938221,21.84248114,12127.55904,,9,0.756408868,0.028407548,0.00084676,20.91896909,21.70463227,10219.60238,,9,0.756408868,0.028407548,0.00084676,20.91896909,21.70463227,10219.60238,#DIV/0!
11,15,0.837303162,0.064628124,0.005670786,21.39344788,22.30104995,12071.94037,,15,0.787304623,0.043796225,0.004770267,20.21756172,21.05343283,10231.17122,,15,0.787304623,0.043796225,0.004770267,20.21756172,21.05343283,10231.17122,#DIV/0!
11,21,0.808669806,0.065982103,0.016059875,20.85937023,21.75008202,12069.91154,,21,0.805858142,0.061185615,0.016558921,19.05021377,19.93381645,10246.58789,,21,0.805858142,0.061185615,0.016558921,19.05021377,19.93381645,10246.58789,#DIV/0!
11,27,0.803489923,0.097596169,0.065727949,21.21965098,22.18646502,12089.647,,27,4.976030383,0.07762934,0.045118704,18.20486125,23.30363967,10257.25668,,27,4.976030383,0.07762934,0.045118704,18.20486125,19.14235382,10257.25668,#DIV/0!
11,30,0.790333986,0.060678005,0.061299324,15.34797239,16.26028371,12169.69693,,30,0.824080305,0.087734709,0.066568809,17.55921695,18.53760077,10265.48801,,30,0.824080305,0.087734709,0.066568809,17.55921695,18.53760077,10265.48801,#DIV/0!
11,45,0.940428019,0.146129847,0.321319103,14.45487094,15.86274791,12181.85186,,45,0.888480854,0.136522334,0.323634355,15.88408802,17.23272557,10291.35915,,45,0.888480854,0.136522334,0.323634355,15.88408802,17.23272557,10291.35915,#DIV/0!
11,60,0.975661993,0.201100826,0.938193083,14.99704504,17.11200094,12236.82024,,60,0.949919789,0.209552147,0.972617223,14.07487068,16.20695984,10322.57119,,60,0.949919789,0.209552147,0.972617223,14.07487068,16.20695984,10322.57119,#DIV/0!
11,90,1.062079191,0.362990856,4.682002068,12.13751793,18.24459004,12272.86433,,90,1.080251982,0.355288656,4.85864157,11.83576927,18.12995148,10367.35487,,90,1.080251982,0.355288656,4.85864157,11.83576927,18.12995148,10367.35487,#DIV/0!
11,120,1.219485998,0.565799952,15.99759889,13.10753918,30.89042401,12272.37917,,120,1.238257217,0.530616686,15.03926561,10.56770443,27.37584394,10403.97605,,120,1.238257217,0.530616686,15.03926561,10.56770443,27.37584394,10403.97605,#DIV/0!
12,3,0.772037029,0.020162106,0.000677109,22.06469464,22.85757089,12051.35428,,,,,,,,,,,,,,,,,
12,9,0.7852211,0.030755758,0.000963926,21.40469027,22.22163105,12112.8951,,,,,,,,,,,,,,,,,
12,15,0.785268068,0.03576088,0.004364014,21.26624417,22.09163713,12095.22165,,,,,,,,,,,,,,,,,
12,21,0.798527956,0.054862976,0.016211271,20.37157464,21.24117684,12117.30959,,,,,,,,,,,,,,,,,
12,27,0.829951048,0.094667196,0.044211864,20.35867405,21.32750416,12099.30121,,,,,,,,,,,,,,,,,
12,30,0.803073168,0.114439249,0.065411806,20.80063605,21.78356028,12163.88051,,,,,,,,,,,,,,,,,
12,45,0.871689796,0.135879755,0.305087805,18.97503376,20.28769112,12118.97413,,,,,,,,,,,,,,,,,
12,60,0.945670128,0.224054813,0.99580121,15.87303901,18.03856516,12253.81934,,,,,,,,,,,,,,,,,
12,90,1.04162097,0.362513304,5.175935984,17.3664608,23.94653106,12247.5059,,,,,,,,,,,,,,,,,
12,120,1.234719992,0.592110872,16.1824441,17.32154274,35.3308177,12255.08348,,,,,,,,,,,,,,,,,
13,3,0.74070096,0.010234118,0.000471115,21.5281167,22.2795229,12304.8325,,,,,,,,,,,,,,,,,
13,9,0.736519098,0.027549267,0.000854015,21.3689599,22.13388228,12347.99299,,,,,,,,,,,,,,,,,
13,15,0.779166222,0.036048889,0.004582882,21.06360292,21.88340092,12378.23468,,,,,,,,,,,,,,,,,
13,21,0.819972038,0.037994146,0.01582098,22.09040284,22.96419001,12366.64437,,,,,,,,,,,,,,,,,
13,27,0.805609941,0.065571785,0.039931059,12.04003239,12.95114517,12449.98943,,,,,,,,,,,,,,,,,
13,30,0.840488911,0.114388943,0.064260244,20.8224082,21.8415463,12221.30288,,,,,,,,,,,,,,,,,
13,45,0.888624907,0.155976057,0.324426889,16.81598234,18.18501019,12442.5575,,,,,,,,,,,,,,,,,
13,60,0.939975023,0.179177999,0.940210104,19.00039601,21.05975914,12318.66194,,,,,,,,,,,,,,,,,
13,90,1.091162205,0.353935242,4.525706053,7.06931448,13.04011798,12507.71666,,,,,,,,,,,,,,,,,
13,120,1.240183115,0.496046066,15.49498391,5.198496103,22.4297092,12612.32397,,,,,,,,,,,,,,,,,
14,3,0.775120258,0.019222021,0.000524044,21.82529783,22.62016416,7916.545683,,,,,,,,,,,,,,,,,
14,9,0.745134115,0.040593863,0.000966072,21.26520371,22.05189776,7912.108135,,,,,,,,,,,,,,,,,
14,15,0.760623932,0.056644201,0.005429983,21.06001401,21.88271213,7897.000392,,,,,,,,,,,,,,,,,
14,21,0.784164667,0.046000957,0.015762806,20.13276744,20.97869587,7897.144945,,,,,,,,,,,,,,,,,
14,27,0.789208174,0.081880808,0.041877985,19.92783904,20.84080601,7912.742015,,,,,,,,,,,,,,,,,
14,30,0.815243959,0.066129923,0.06496191,12.07637,13.02270579,8029.908087,,,,,,,,,,,,,,,,,
14,45,0.854036093,0.086181164,0.285254955,9.509812832,10.73528504,8044.058891,,,,,,,,,,,,,,,,,
14,60,0.920138836,0.151407719,0.976507902,11.81523776,13.86329222,8009.833346,,,,,,,,,,,,,,,,,
14,90,1.028346777,0.291676998,4.849578857,7.370830536,13.54043317,8074.479076,,,,,,,,,,,,,,,,,
14,120,1.262252092,0.50183177,14.32319617,8.137646198,24.22492623,8097.03781,,,,,,,,,,,,,,,,,
15,3,0.73146534,0.020826101,0.000333071,21.30934739,22.0619719,10690.61643,,,,,,,,,,,,,,,,,
15,9,0.715240955,0.03777504,0.000867128,20.72664285,21.48052597,10682.55363,,,,,,,,,,,,,,,,,
15,15,0.755739927,0.059252977,0.004589081,20.78613615,21.60571814,10708.92784,,,,,,,,,,,,,,,,,
15,21,0.77030921,0.081745863,0.019071817,20.75006604,21.62119293,10703.59853,,,,,,,,,,,,,,,,,
15,27,0.773238897,0.110296011,0.046005011,16.49442697,17.42396688,10717.4239,,,,,,,,,,,,,,,,,
15,30,0.79049325,0.0891819,0.061949015,19.81714487,20.75876904,10726.49416,,,,,,,,,,,,,,,,,
15,45,0.845430136,0.129091024,0.345090151,18.73683977,20.05645108,10737.7277,,,,,,,,,,,,,,,,,
15,60,0.931906223,0.254798889,1.025571108,16.94325256,19.15552878,10760.40337,,,,,,,,,,,,,,,,,
15,90,1.055888176,0.367984295,4.659915924,8.713424444,14.79721284,10858.54235,,,,,,,,,,,,,,,,,
15,120,1.201069117,0.53255105,16.04783511,13.63667154,31.41812682,10798.80394,,,,,,,,,,,,,,,,,
16,3,0.724696875,0.022685051,0.000455856,21.37628341,22.12412119,11820.54945,,,,,,,,,,,,,,,,,
16,9,0.718899965,0.031596899,0.000951052,21.11563826,21.86708617,11821.14045,,,,,,,,,,,,,,,,,
16,15,0.767804861,0.034554005,0.005526066,20.93728495,21.74516988,11824.98554,,,,,,,,,,,,,,,,,
16,21,0.783564091,0.088365078,0.020170927,20.30175686,21.19385695,11853.78093,,,,,,,,,,,,,,,,,
16,27,0.800391912,0.100068092,0.052023888,20.20108628,21.15357018,11861.18765,,,,,,,,,,,,,,,,,
16,30,0.805279255,0.087697268,0.059264898,15.62435675,16.57659817,12003.38728,,,,,,,,,,,,,,,,,
16,45,0.863589287,0.127879858,0.329945087,19.64122558,20.96263981,11879.11953,,,,,,,,,,,,,,,,,
16,60,0.945062876,0.22747016,0.938189983,11.3403089,13.45103192,12088.25413,,,,,,,,,,,,,,,,,
16,90,1.047385931,0.337010145,4.513759136,10.66924667,16.56740189,12140.1248,,,,,,,,,,,,,,,,,
16,120,1.202526093,0.491211891,14.76594901,9.52233386,25.98202085,12142.80777,,,,,,,,,,,,,,,,,
17,3,0.747650146,0.010236979,0.000403166,21.17398453,21.93227482,9235.299825,,,,,,,,,,,,,,,,,
17,9,0.733428955,0.012828827,0.000721931,20.63329339,21.3802731,9253.056604,,,,,,,,,,,,,,,,,
17,15,0.769036055,0.040278912,0.004668951,13.22148633,14.03547025,9292.568421,,,,,,,,,,,,,,,,,
17,21,0.804865122,0.052451134,0.015684843,13.29211903,14.16512012,9305.236714,,,,,,,,,,,,,,,,,
17,27,0.798490763,0.077412844,0.039016962,13.64337349,14.55829406,9323.697781,,,,,,,,,,,,,,,,,
17,30,0.792203188,0.062472105,0.058078051,11.02626371,11.93901706,9357.275553,,,,,,,,,,,,,,,,,
17,45,0.913315058,0.128278971,0.306715965,10.95536518,12.30367517,9377.564571,,,,,,,,,,,,,,,,,
17,60,0.923962831,0.19847393,0.928910255,10.93145895,12.98280597,9384.28973,,,,,,,,,,,,,,,,,
17,90,1.052561998,0.316404819,4.755650043,12.6132915,18.73790836,9384.887935,,,,,,,,,,,,,,,,,
17,120,1.178047895,0.55662775,15.84970498,11.77423549,29.35861611,9435.517214,,,,,,,,,,,,,,,,,
18,3,0.798377991,0.023524761,0.00041604,21.59543824,22.41775703,10190.37624,,,,,,,,,,,,,,,,,
18,9,0.793323994,0.020684004,0.000727892,20.85200214,21.66673803,10211.28193,,,,,,,,,,,,,,,,,
18,15,0.81746316,0.031744003,0.004642248,20.59469557,21.44854498,10221.77608,,,,,,,,,,,,,,,,,
18,21,0.826247931,0.035790205,0.015016079,20.34332085,21.22037506,10229.21974,,,,,,,,,,,,,,,,,
18,27,0.849908113,0.110317945,0.044010162,19.71174073,20.71597695,10239.46738,,,,,,,,,,,,,,,,,
18,30,0.806866884,0.076753855,0.058533192,18.15325332,19.09540725,10287.87715,,,,,,,,,,,,,,,,,
18,45,0.954602957,0.165348291,0.347361803,18.0542388,19.52155185,10288.95032,,,,,,,,,,,,,,,,,
18,60,0.96133399,0.238915205,0.943263054,16.35242176,18.49593401,10285.66567,,,,,,,,,,,,,,,,,
18,90,1.116266012,0.344285965,4.72596097,7.967160225,14.15367317,10392.72996,,,,,,,,,,,,,,,,,
18,120,1.239488125,0.547881126,14.77361798,7.409696579,23.97068381,10534.71592,,,,,,,,,,,,,,,,,
19,3,0.744142056,0.023303986,0.000366211,21.11317968,21.88099194,10374.57739,,,,,,,,,,,,,,,,,
19,9,0.778845072,0.033427,0.000957251,19.76838994,20.58161926,10404.78407,,,,,,,,,,,,,,,,,
19,15,0.784499168,0.05056715,0.005103827,19.75459123,20.59476137,10415.76374,,,,,,,,,,,,,,,,,
19,21,0.794275999,0.071197748,0.015175343,12.32549787,13.20614696,10488.85157,,,,,,,,,,,,,,,,,
19,27,0.814421177,0.076121092,0.039510727,16.92432308,17.85437608,10450.08206,,,,,,,,,,,,,,,,,
19,30,0.842378139,0.078678131,0.06029892,19.89336109,20.87471628,10366.77991,,,,,,,,,,,,,,,,,
19,45,0.893097878,0.152994156,0.292319059,18.43119383,19.76960492,10422.63741,,,,,,,,,,,,,,,,,
19,60,0.943084717,0.269436121,0.987824917,19.28580713,21.48615289,10400.75571,,,,,,,,,,,,,,,,,
19,90,1.042836905,0.391359806,4.633044004,11.60360622,17.67084694,10501.97719,,,,,,,,,,,,,,,,,
19,120,1.227908134,0.522190094,14.99763083,9.726338863,26.47406793,10508.53338,,,,,,,,,,,,,,,,,
20,3,0.75060606,0.01960206,0.000400782,21.44404602,22.21465492,10065.49314,,,,,,,,,,,,,,,,,
20,9,0.735074997,0.043519974,0.00104928,21.0991528,21.87879705,10077.36454,,,,,,,,,,,,,,,,,
20,15,0.765660048,0.050734997,0.00462079,20.66658306,21.4875989,10116.88264,,,,,,,,,,,,,,,,,
20,21,0.796616316,0.05209589,0.01476717,20.75596976,21.61944914,10112.9162,,,,,,,,,,,,,,,,,
20,27,0.808476925,0.054485083,0.041991949,20.18967414,21.0946281,10125.62853,,,,,,,,,,,,,,,,,
20,30,0.836414814,0.120228767,0.063128948,18.83146214,19.85123467,10092.70211,,,,,,,,,,,,,,,,,
20,45,0.857311964,0.189982891,0.318300009,19.81759524,21.18319011,10134.63779,,,,,,,,,,,,,,,,,
20,60,0.926810026,0.20862484,0.92135191,11.90603518,13.96282196,10159.41363,,,,,,,,,,,,,,,,,
20,90,1.080650091,0.3435812,4.975297928,12.0721848,18.47171402,10216.63215,,,,,,,,,,,,,,,,,
20,120,1.194229126,0.522512197,15.29559875,11.3898747,28.40221477,10237.59084,,,,,,,,,,,,,,,,,
21,3,0.813747883,0.00981307,0.000118971,21.62071204,22.44439197,10328.74722,,,,,,,,,,,,,,,,,
21,9,0.721815109,0.031708956,0.00109005,20.77905178,21.5336659,10350.18587,,,,,,,,,,,,,,,,,
21,15,0.808612823,0.039592028,0.005002975,21.42656612,22.27977395,10393.69819,,,,,,,,,,,,,,,,,
21,21,0.792945862,0.043942213,0.015110016,20.2952497,21.14724779,10401.93018,,,,,,,,,,,,,,,,,
21,27,0.825275183,0.06100297,0.042662144,20.30915475,21.23809505,10416.23325,,,,,,,,,,,,,,,,,
21,30,0.787853003,0.120620012,0.064403057,17.83799767,18.81087375,10406.1892,,,,,,,,,,,,,,,,,
21,45,0.853653908,0.173113823,0.33791399,19.42677331,20.79145503,10414.92512,,,,,,,,,,,,,,,,,
21,60,0.947299004,0.213304996,0.942983866,12.63051629,14.73410416,10496.75746,,,,,,,,,,,,,,,,,
21,90,1.033851147,0.387323141,5.294124126,9.806966543,16.52226496,10501.2578,,,,,,,,,,,,,,,,,
21,120,1.21262598,0.482085943,14.40948176,9.221389055,25.32558274,10546.4866,,,,,,,,,,,,,,,,,
22,3,0.765700102,0.023078918,0.000434875,21.54523492,22.33444881,10777.44376,,,,,,,,,,,,,,,,,
22,9,0.771695137,0.02115798,0.00075078,21.20610595,21.99970984,10836.69422,,,,,,,,,,,,,,,,,
22,15,0.795550346,0.024085999,0.004130125,19.69063473,20.5144012,10829.48495,,,,,,,,,,,,,,,,,
22,21,0.801518202,0.094596148,0.017187119,19.78697753,20.700279,10800.06407,,,,,,,,,,,,,,,,,
22,27,0.787887812,0.068830013,0.042700052,13.81380725,14.71322513,10898.04173,,,,,,,,,,,,,,,,,
22,30,0.839815855,0.095069885,0.067212105,17.37211514,18.37421298,10855.60574,,,,,,,,,,,,,,,,,
22,45,0.865146875,0.111479044,0.305928946,14.70233107,15.98488593,10922.58281,,,,,,,,,,,,,,,,,
22,60,0.951612949,0.248223782,0.95334816,16.50262499,18.65580988,10909.11182,,,,,,,,,,,,,,,,,
22,90,1.050190926,0.391415119,5.131704807,14.35359097,20.92690182,10898.52631,,,,,,,,,,,,,,,,,
22,120,1.247944355,0.519444942,13.83661723,15.40051365,31.00452018,10925.74582,,,,,,,,,,,,,,,,,
23,3,0.752135277,0.018783092,0.000485897,21.94517851,22.71658278,10618.10153,,,,,,,,,,,,,,,,,
23,9,0.758325815,0.029886961,0.000832081,21.43173599,22.22078085,10635.6485,,,,,,,,,,,,,,,,,
23,15,0.768564939,0.03262496,0.004285812,21.25502944,22.06050515,10650.50251,,,,,,,,,,,,,,,,,
23,21,0.79842782,0.072850227,0.015127659,19.80813861,20.69454432,10682.64241,,,,,,,,,,,,,,,,,
23,27,0.795283079,0.110638142,0.040018797,19.58897495,20.53491497,10675.14446,,,,,,,,,,,,,,,,,
23,30,0.872123003,0.071393013,0.067317009,20.36691713,21.37775016,10666.9995,,,,,,,,,,,,,,,,,
23,45,0.895071983,0.129904985,0.295239925,11.44170618,12.76192307,10778.47428,,,,,,,,,,,,,,,,,
23,60,0.985724211,0.233259916,1.04803586,17.53730798,19.80432796,10720.34708,,,,,,,,,,,,,,,,,
23,90,1.090433836,0.417695045,4.57883215,16.45951104,22.54647207,10774.72688,,,,,,,,,,,,,,,,,
23,120,1.311630249,0.598387003,16.32069993,19.2291429,37.45986009,10731.57445,,,,,,,,,,,,,,,,,
24,3,0.761847973,0.020578861,0.000368118,21.83806992,22.62086487,9393.72252,,,,,,,,,,,,,,,,,
24,9,0.744465113,0.019914865,0.000720739,21.45724154,22.22234225,9414.052676,,,,,,,,,,,,,,,,,
24,15,0.79343915,0.038865089,0.004519939,21.51530385,22.35212803,9430.00423,,,,,,,,,,,,,,,,,
24,21,0.827924967,0.040179968,0.015172005,21.35961699,22.24289393,9421.770308,,,,,,,,,,,,,,,,,
24,27,0.821238995,0.076967001,0.042953968,20.51853323,21.45969319,9441.419586,,,,,,,,,,,,,,,,,
24,30,0.809786081,0.075763941,0.066395998,20.17774606,21.12969208,9440.284322,,,,,,,,,,,,,,,,,
24,45,0.8913908,0.113528252,0.320361853,6.618256092,7.943536997,9613.253226,,,,,,,,,,,,,,,,,
24,60,0.964782238,0.209706306,0.952656746,12.69113398,14.81827927,9533.803548,,,,,,,,,,,,,,,,,
24,90,1.051309109,0.326229095,5.195554018,13.32225585,19.89534807,9530.189035,,,,,,,,,,,,,,,,,
24,120,1.257060051,0.563679934,15.06823874,14.44202328,31.331002,9508.53725,,,,,,,,,,,,,,,,,
25,3,0.768753052,0.020395994,0.00047493,21.89780402,22.687428,9997.772964,,,,,,,,,,,,,,,,,
25,9,0.786623001,0.016683102,0.00072217,21.84575176,22.64978004,10037.73609,,,,,,,,,,,,,,,,,
25,15,0.827428102,0.05791831,0.005145073,21.03746653,21.92795801,10035.69195,,,,,,,,,,,,,,,,,
25,21,0.856389284,0.083572865,0.016535044,20.97705388,21.93355107,10034.31402,,,,,,,,,,,,,,,,,
25,27,0.832658052,0.083601952,0.065820932,20.87225199,21.85433292,10034.95453,,,,,,,,,,,,,,,,,
25,30,0.828638077,0.097599983,0.068994045,20.27311993,21.26835203,10094.85735,,,,,,,,,,,,,,,,,
25,45,0.909723759,0.126132011,0.332727194,18.80021811,20.16880107,10100.78043,,,,,,,,,,,,,,,,,
25,60,0.976548672,0.182304859,0.944048882,19.04661369,21.14951611,10099.73923,,,,,,,,,,,,,,,,,
25,90,1.081982136,0.401623964,4.653697968,19.38682795,25.52413201,10127.12294,,,,,,,,,,,,,,,,,
25,120,1.248617887,0.556019068,15.52163601,15.32948422,32.65575719,10125.83018,,,,,,,,,,,,,,,,,
26,3,0.745599985,0.011077166,0.000341892,21.70428395,22.461303,9802.317833,,,,,,,,,,,,,,,,,
26,9,0.748246193,0.034902096,0.000953913,21.18088889,21.96499109,9858.86045,,,,,,,,,,,,,,,,,
26,15,0.762238979,0.042053699,0.004943132,21.38054514,22.18978095,9848.018834,,,,,,,,,,,,,,,,,
26,21,0.799054146,0.047905922,0.015025854,21.29809618,22.1600821,9855.637123,,,,,,,,,,,,,,,,,
26,27,0.791782141,0.109622955,0.042649031,21.21361661,22.15767074,9850.803006,,,,,,,,,,,,,,,,,
26,30,0.81683898,0.081490993,0.063162804,20.62880731,21.59030008,9846.073425,,,,,,,,,,,,,,,,,
26,45,0.879416943,0.141245842,0.333189726,18.62436867,19.97822118,9858.918941,,,,,,,,,,,,,,,,,
26,60,0.920791864,0.183752775,1.010331869,14.3186245,16.43350101,9850.532571,,,,,,,,,,,,,,,,,
26,90,1.027907133,0.344266891,4.92043066,8.479791164,14.77239585,9880.273181,,,,,,,,,,,,,,,,,
26,120,1.226228952,0.541613817,14.5034318,10.16144753,26.43272209,9929.743215,,,,,,,,,,,,,,,,,
27,3,0.759405851,0.023360014,0.000414848,21.8250072,22.60818791,12085.48923,,,,,,,,,,,,,,,,,
27,9,0.750231028,0.021613121,0.000716925,11.69084787,12.46340895,12200.71317,,,,,,,,,,,,,,,,,
27,15,0.784595013,0.050211191,0.004637003,20.62489986,21.46434307,12129.36472,,,,,,,,,,,,,,,,,
27,21,0.792655945,0.05220294,0.015035152,14.60651803,15.46641207,12201.86607,,,,,,,,,,,,,,,,,
27,27,0.804203033,0.079551935,0.040349007,13.99460077,14.91870475,12171.85426,,,,,,,,,,,,,,,,,
27,30,0.808275938,0.071681023,0.06391573,19.81618714,20.76005983,12132.71415,,,,,,,,,,,,,,,,,
27,45,0.891342878,0.103574038,0.306606054,13.67272973,14.9742527,12206.94399,,,,,,,,,,,,,,,,,
27,60,0.948805809,0.156447172,0.924816132,12.14787197,14.17794108,12275.16045,,,,,,,,,,,,,,,,,
27,90,1.059371948,0.332805872,4.872459888,9.023417234,15.28805494,12317.79343,,,,,,,,,,,,,,,,,
27,120,1.207430124,0.458263159,15.23033023,6.225115538,23.12113905,12365.58658,,,,,,,,,,,,,,,,,
28,3,0.751703978,0.011210918,0.000401974,22.36768699,23.13100386,11858.54914,,,,,,,,,,,,,,,,,
28,9,0.750863791,0.018003941,0.000714064,21.27513123,22.04471302,11885.21264,,,,,,,,,,,,,,,,,
28,15,0.777816057,0.018391609,0.004232168,21.20105505,22.00149488,11923.04865,,,,,,,,,,,,,,,,,
28,21,0.803951979,0.038778782,0.016232014,20.72314715,21.58210993,11933.26754,,,,,,,,,,,,,,,,,
28,27,0.804016829,0.07114315,0.042975187,17.13389993,18.05203509,11941.63177,,,,,,,,,,,,,,,,,
28,30,0.805321932,0.068730831,0.062832117,11.28669333,12.22357821,11995.71749,,,,,,,,,,,,,,,,,
28,45,0.8892169,0.14708519,0.316483021,11.82409906,13.17688417,12031.87707,,,,,,,,,,,,,,,,,
28,60,0.951112032,0.144354105,0.987776041,9.455884933,11.53912711,12077.22967,,,,,,,,,,,,,,,,,
28,90,1.057494164,0.39450407,5.196205854,9.820899725,16.46910381,12131.32783,,,,,,,,,,,,,,,,,
28,120,1.196819782,0.572494984,15.43275118,13.93338013,31.13544607,12055.4727,,,,,,,,,,,,,,,,,
29,3,0.733625889,0.01050806,0.000319958,21.96132517,22.70577908,7834.896519,,,,,,,,,,,,,,,,,
29,9,0.736525059,0.039047718,0.000977755,21.70553732,22.48208785,7858.201183,,,,,,,,,,,,,,,,,
29,15,0.767984867,0.047003984,0.005057096,21.388026,22.20807195,7871.686854,,,,,,,,,,,,,,,,,
29,21,0.786200047,0.050292969,0.01723814,21.45771098,22.31144214,7862.270317,,,,,,,,,,,,,,,,,
29,27,0.808577061,0.076659918,0.041160107,19.39682817,20.32322526,7889.255245,,,,,,,,,,,,,,,,,
29,30,0.80368495,0.056907892,0.07344985,17.43824959,18.37229228,7900.99772,,,,,,,,,,,,,,,,,
29,45,0.901828289,0.171634912,0.337304831,20.76786113,22.17862916,7883.118955,,,,,,,,,,,,,,,,,
29,60,0.946605206,0.211054087,0.967649937,16.20935369,18.33466291,7918.286529,,,,,,,,,,,,,,,,,
29,90,1.054655075,0.294229031,4.781816959,9.887175322,16.01787639,7974.189277,,,,,,,,,,,,,,,,,
29,120,1.221227169,0.47450304,14.00411701,10.93352294,26.63337016,7983.118071,,,,,,,,,,,,,,,,,
30,3,0.770467043,0.018339872,0.000348091,21.71483898,22.50399399,9924.82474,,,,,,,,,,,,,,,,,
30,9,0.786463976,0.036762953,0.000840187,20.75080395,21.57487106,9913.378284,,,,,,,,,,,,,,,,,
30,15,0.805623055,0.040110826,0.004731178,20.590101,21.44056606,9956.88836,,,,,,,,,,,,,,,,,
30,21,0.836234808,0.055232048,0.016986847,17.33118129,18.23963499,10003.88152,,,,,,,,,,,,,,,,,
30,27,0.843707085,0.059068918,0.0395329,15.76966643,16.71197534,10016.29413,,,,,,,,,,,,,,,,,
30,30,0.810000896,0.074467182,0.060878038,13.7103219,14.65566802,10002.85408,,,,,,,,,,,,,,,,,
30,45,0.88818717,0.125857115,0.316252232,19.41044879,20.74074531,10000.37506,,,,,,,,,,,,,,,,,
30,60,0.928400755,0.236253977,0.959415913,7.548687458,9.672758102,10090.96699,,,,,,,,,,,,,,,,,
30,90,1.056586027,0.295686007,5.010334969,6.945974827,13.30858183,10130.46634,,,,,,,,,,,,,,,,,
30,120,1.224577904,0.484294891,14.39319205,7.344408274,23.44647312,10151.11769,,,,,,,,,,,,,,,,,
31,3,0.736042023,0.023587942,0.00033927,22.3508327,23.11080194,9362.987199,,,,,,,,,,,,,,,,,
31,9,0.730779886,0.037028074,0.000965834,21.55861616,22.32738996,9392.211294,,,,,,,,,,,,,,,,,
31,15,0.760838985,0.040048122,0.004724979,21.77420902,22.57982111,9388.979218,,,,,,,,,,,,,,,,,
31,21,0.789986849,0.069433212,0.016506195,21.27483773,22.15076399,9418.594429,,,,,,,,,,,,,,,,,
31,27,0.804911137,0.070179939,0.045467138,21.0587678,21.97932601,9401.35259,,,,,,,,,,,,,,,,,
31,30,0.809161186,0.052067041,0.05982089,20.49580598,21.4168551,9437.478603,,,,,,,,,,,,,,,,,
31,45,0.851185799,0.097099066,0.337539196,20.71981502,22.00563908,9407.166193,,,,,,,,,,,,,,,,,
31,60,0.914438009,0.268293142,0.952239037,20.39343596,22.52840614,9427.837759,,,,,,,,,,,,,,,,,
31,90,1.066030025,0.372072935,5.027743101,8.208300829,14.67414689,9528.324941,,,,,,,,,,,,,,,,,
31,120,1.236213923,0.542513132,14.90658379,14.41796803,31.10327888,9497.562829,,,,,,,,,,,,,,,,,
32,3,0.752211332,0.023904085,0.000468969,21.63165689,22.40824127,10543.84579,,,,,,,,,,,,,,,,,
32,9,0.734688044,0.044621706,0.001029968,21.21330428,21.993644,10549.66617,,,,,,,,,,,,,,,,,
32,15,0.777562857,0.056390285,0.005780935,21.2951889,22.13492298,10530.42557,,,,,,,,,,,,,,,,,
32,21,0.802182913,0.070528984,0.018815041,21.4859941,22.37752104,10556.63602,,,,,,,,,,,,,,,,,
32,27,0.774241209,0.050508976,0.06111908,16.65940666,17.54527593,10612.48643,,,,,,,,,,,,,,,,,
32,30,0.795747042,0.065158844,0.062294006,17.54556632,18.46876621,10559.66027,,,,,,,,,,,,,,,,,
32,45,0.859429836,0.152168274,0.316355705,12.81318808,14.14114189,10679.6087,,,,,,,,,,,,,,,,,
32,60,0.947299957,0.224097729,0.945261955,12.92511153,15.04177117,10611.723,,,,,,,,,,,,,,,,,
32,90,1.070356846,0.334798098,4.974977016,10.15254998,16.53268194,10719.80268,,,,,,,,,,,,,,,,,
32,120,1.453069925,0.498233795,15.06319284,6.496551752,23.51104832,10775.73591,,,,,,,,,,,,,,,,,
33,3,0.754758358,0.020485878,0.000392914,22.15084481,22.92648196,9051.947717,,,,,,,,,,,,,,,,,
33,9,0.778830051,0.0182271,0.000732899,19.43234205,20.2301321,9069.818275,,,,,,,,,,,,,,,,,
33,15,0.783228874,0.035822153,0.004850864,20.55824494,21.38214684,9091.659667,,,,,,,,,,,,,,,,,
33,21,0.801326752,0.04783392,0.014744997,20.52458644,21.38849211,9093.579712,,,,,,,,,,,,,,,,,
33,27,0.810281277,0.039462805,0.044983864,15.27318907,16.16791701,9110.984425,,,,,,,,,,,,,,,,,
33,30,0.905253887,0.134104013,0.074627876,21.21034908,22.32433486,9037.338911,,,,,,,,,,,,,,,,,
33,45,0.96479702,0.115136623,0.317234039,10.26622915,11.66339684,9154.08332,,,,,,,,,,,,,,,,,
33,60,0.933968067,0.270719051,1.028918028,10.25176191,12.48536706,9175.944917,,,,,,,,,,,,,,,,,
33,90,1.117240191,0.340060234,4.659734011,18.27670479,24.39373922,9113.081986,,,,,,,,,,,,,,,,,
33,120,1.266805172,0.593646049,15.92045712,11.5383575,29.31926584,9165.394447,,,,,,,,,,,,,,,,,
34,3,0.743349075,0.02398324,0.000536919,22.17069077,22.93856001,8624.425215,,,,,,,,,,,,,,,,,
34,9,0.739394903,0.021415234,0.000842094,21.12533569,21.88698792,8692.112638,,,,,,,,,,,,,,,,,
34,15,0.767663956,0.024060965,0.004168272,19.0746789,19.87057209,8682.82738,,,,,,,,,,,,,,,,,
34,21,0.783247948,0.026939154,0.016849041,16.40339303,17.23042917,8717.978763,,,,,,,,,,,,,,,,,
34,27,0.837957144,0.051039934,0.043682098,12.98940802,13.92208719,8700.670521,,,,,,,,,,,,,,,,,
34,30,0.797168016,0.095927954,0.09090209,20.069453,21.05345106,8665.048515,,,,,,,,,,,,,,,,,
34,45,0.854035139,0.111646891,0.326708078,9.97417593,11.26656604,8753.290826,,,,,,,,,,,,,,,,,
34,60,0.895694017,0.221933842,1.054587126,13.31426716,15.48648214,8760.489895,,,,,,,,,,,,,,,,,
34,90,1.045709133,0.360174179,4.893718958,15.14849567,21.44809794,8778.300577,,,,,,,,,,,,,,,,,
34,120,1.210119963,0.541619062,15.83145905,8.917685986,26.50088406,8829.258997,,,,,,,,,,,,,,,,,
35,3,0.734948158,0.011160135,0.00036478,22.26800704,23.01448011,11469.08953,,,,,,,,,,,,,,,,,
35,9,0.734241009,0.029803038,0.000996828,21.53846717,22.30350804,11475.44963,,,,,,,,,,,,,,,,,
35,15,0.769230127,0.050879955,0.004224062,20.95201993,21.77635407,11510.58929,,,,,,,,,,,,,,,,,
35,21,0.78876996,0.077301979,0.017011881,20.63164115,21.51472497,11522.11356,,,,,,,,,,,,,,,,,
35,27,0.805810213,0.084744215,0.040117025,19.64608455,20.576756,11527.85029,,,,,,,,,,,,,,,,,
35,30,0.871716261,0.067960978,0.059679031,17.53390169,18.53325796,11613.00081,,,,,,,,,,,,,,,,,
35,45,0.847895861,0.124636173,0.305704117,20.19651794,21.4747541,11511.21962,,,,,,,,,,,,,,,,,
35,60,0.94240737,0.198377848,1.038351059,10.43044472,12.60958099,11660.95904,,,,,,,,,,,,,,,,,
35,90,1.069318056,0.33233285,4.730578899,12.25562119,18.387851,11712.36935,,,,,,,,,,,,,,,,,
35,120,1.238329172,0.456525087,15.30374312,9.511381388,26.50997877,11754.73561,,,,,,,,,,,,,,,,,
36,3,0.727809906,0.011091948,0.000417709,21.54667115,22.28599072,10527.93489,,,,,,,,,,,,,,,,,
36,9,0.723633051,0.042299747,0.000964165,21.14264894,21.9095459,10554.37022,,,,,,,,,,,,,,,,,
36,15,0.79066205,0.064157248,0.005290031,21.16568375,22.02579308,10533.3651,,,,,,,,,,,,,,,,,
36,21,0.798459768,0.087742805,0.020019054,21.06349134,21.96971297,10568.67412,,,,,,,,,,,,,,,,,
36,27,0.792068243,0.119912863,0.052709818,20.75281596,21.71750689,10548.39658,,,,,,,,,,,,,,,,,
36,30,0.799751997,0.093366146,0.071793795,19.31522512,20.28013706,10567.92499,,,,,,,,,,,,,,,,,
36,45,0.875512838,0.128714085,0.343682051,20.08046985,21.42837882,10587.16838,,,,,,,,,,,,,,,,,
36,60,0.925160885,0.166016579,1.052783966,16.62078643,18.76474786,10619.44333,,,,,,,,,,,,,,,,,
36,90,1.031404734,0.302037954,4.623208046,8.34932518,14.30597591,10690.00905,,,,,,,,,,,,,,,,,
36,120,1.172672033,0.559649229,15.85065317,12.05203652,29.63501096,10785.10282,,,,,,,,,,,,,,,,,
37,3,0.760889053,0.01908803,0.000386953,21.71641088,22.49677491,11620.93096,,,,,,,,,,,,,,,,,
37,9,0.746240616,0.042555094,0.000825882,21.35015345,22.13977504,11675.69782,,,,,,,,,,,,,,,,,
37,15,0.779290915,0.053589821,0.005221128,21.30138612,22.13948798,11636.82045,,,,,,,,,,,,,,,,,
37,21,0.823164225,0.073943138,0.019093037,21.08398867,22.00018907,11657.12123,,,,,,,,,,,,,,,,,
37,27,0.811148167,0.10116291,0.049682856,20.89489937,21.8568933,11643.57457,,,,,,,,,,,,,,,,,
37,30,0.820739985,0.090883255,0.064523697,17.45747495,18.43362188,11721.89435,,,,,,,,,,,,,,,,,
37,45,0.869742155,0.125707865,0.296206951,17.4474659,18.73912287,11704.38944,,,,,,,,,,,,,,,,,
37,60,0.934401035,0.220774174,1.049669981,13.15591073,15.36075592,11813.12079,,,,,,,,,,,,,,,,,
37,90,1.078813791,0.390168667,4.98657918,13.72689843,20.18246007,11805.46583,,,,,,,,,,,,,,,,,
37,120,1.27658391,0.539757729,14.93545818,14.84977221,31.60157204,11822.49621,,,,,,,,,,,,,,,,,
38,3,0.760264874,0.023876905,0.000342131,21.86350536,22.64798927,8975.090885,,,,,,,,,,,,,,,,,
38,9,0.714123011,0.020587921,0.000730276,11.54301381,12.27845502,9014.876145,,,,,,,,,,,,,,,,,
38,15,0.746587992,0.032175779,0.004171133,10.58998084,11.37291574,9021.050014,,,,,,,,,,,,,,,,,
38,21,0.786009073,0.041070223,0.015128136,11.29073453,12.13294196,9039.263462,,,,,,,,,,,,,,,,,
38,27,0.819545984,0.065699816,0.03978014,11.25162888,12.17665482,9071.841388,,,,,,,,,,,,,,,,,
38,30,0.781919003,0.107683182,0.070688009,13.1907146,14.15100479,9020.74332,,,,,,,,,,,,,,,,,
38,45,0.866439104,0.183436155,0.339506149,15.95345473,17.34283614,9056.459578,,,,,,,,,,,,,,,,,
38,60,0.897148132,0.204890966,0.936640024,16.1473999,18.18607903,9036.758195,,,,,,,,,,,,,,,,,
38,90,1.03529191,0.413464069,4.863689899,15.44902706,21.76147294,9069.741589,,,,,,,,,,,,,,,,,
38,120,1.325764179,0.519690037,14.03136492,7.516971827,23.39379096,9121.752741,,,,,,,,,,,,,,,,,
39,3,0.748186111,0.020174026,0.000438213,21.3861177,22.15491605,10417.53989,,,,,,,,,,,,,,,,,
39,9,0.76509285,0.021208048,0.000716686,20.79668236,21.58369994,10498.75293,,,,,,,,,,,,,,,,,
39,15,0.799366951,0.044078112,0.004292965,21.12020087,21.9679389,10471.08689,,,,,,,,,,,,,,,,,
39,21,0.788666725,0.067893028,0.016669273,19.33026004,20.20348907,10518.50945,,,,,,,,,,,,,,,,,
39,27,0.813609123,0.053726912,0.039934158,16.73576403,17.64303422,10545.27912,,,,,,,,,,,,,,,,,
39,30,0.827958107,0.121432066,0.070406199,20.78576159,21.80555797,10473.40659,,,,,,,,,,,,,,,,,
39,45,0.87641716,0.124294281,0.30709672,15.113065,16.42087317,10545.79254,,,,,,,,,,,,,,,,,
39,60,0.957551718,0.155781269,0.896275282,13.28109074,15.29069901,10604.23239,,,,,,,,,,,,,,,,,
39,90,1.056333065,0.303005934,4.832357168,12.17676902,18.36846519,10629.17126,,,,,,,,,,,,,,,,,
39,120,1.231948853,0.539465904,16.28964615,11.18487716,29.24593806,10726.96484,,,,,,,,,,,,,,,,,
40,3,0.740980148,0.011122942,0.000376701,22.33481526,23.08729506,9684.615447,,,,,,,,,,,,,,,,,
40,9,0.72452569,0.010965824,0.000815153,21.05169439,21.78800106,9748.27269,,,,,,,,,,,,,,,,,
40,15,0.75583005,0.057471037,0.005002975,21.10923004,21.9275341,9734.503578,,,,,,,,,,,,,,,,,
40,21,0.779105186,0.071310759,0.015052795,17.79358721,18.65905595,9780.381218,,,,,,,,,,,,,,,,,
40,27,0.794461966,0.075566053,0.040688992,19.09687304,20.00759006,9737.738934,,,,,,,,,,,,,,,,,
40,30,0.800968885,0.129959106,0.08404088,18.51343298,19.52840185,9776.775758,,,,,,,,,,,,,,,,,
40,45,0.832790852,0.129154921,0.3087008,12.66348457,13.93413115,9836.047587,,,,,,,,,,,,,,,,,
40,60,0.892456055,0.194325924,0.984863043,7.317581892,9.389226913,9876.520346,,,,,,,,,,,,,,,,,
40,90,1.057388067,0.302939892,4.71775198,11.80516791,17.88324785,9868.064786,,,,,,,,,,,,,,,,,
40,120,1.23536396,0.617445946,15.36207318,15.7932148,33.00809789,9818.659353,,,,,,,,,,,,,,,,,
41,3,0.762340069,0.022272825,0.000345945,21.84390211,22.62886095,10242.22811,,,,,,,,,,,,,,,,,
41,9,0.7561028,0.031928062,0.000863791,21.1212554,21.91015005,10279.6179,,,,,,,,,,,,,,,,,
41,15,0.799597979,0.035073042,0.004654884,21.69875002,22.53807592,10275.61846,,,,,,,,,,,,,,,,,
41,21,0.813612938,0.040793896,0.014717817,20.63931632,21.50844097,10282.66166,,,,,,,,,,,,,,,,,
41,27,0.843569756,0.071541071,0.041661978,20.59654808,21.55332088,10300.08816,,,,,,,,,,,,,,,,,
41,30,0.792965174,0.086858988,0.085163116,16.64638686,17.61137414,10348.7205,,,,,,,,,,,,,,,,,
41,45,0.85559988,0.163915157,0.327908039,18.03707504,19.38449812,10333.29626,,,,,,,,,,,,,,,,,
41,60,0.907759905,0.196134806,0.936491013,13.31363654,15.35402226,10392.1394,,,,,,,,,,,,,,,,,
41,90,1.016080141,0.388575792,4.973073959,15.60082793,21.97855783,10384.69756,,,,,,,,,,,,,,,,,
41,120,1.155205011,0.543953896,15.70921397,11.63020897,29.03858185,10400.51607,,,,,,,,,,,,,,,,,
42,3,0.769656897,0.023700953,0.000353098,21.99883509,22.79254603,10905.33237,,,,,,,,,,,,,,,,,
42,9,0.745322943,0.02042079,0.000744104,21.39435506,22.1608429,10906.96611,,,,,,,,,,,,,,,,,
42,15,0.809429884,0.024063826,0.004179001,15.23114347,16.06881618,10983.9287,,,,,,,,,,,,,,,,,
42,21,0.806950331,0.082718849,0.019138813,19.31450891,20.22331691,10939.8028,,,,,,,,,,,,,,,,,
42,27,0.810225248,0.083793879,0.047092199,19.13238549,20.07349682,10947.93963,,,,,,,,,,,,,,,,,
42,30,0.830493927,0.055663109,0.059990168,16.69530082,17.64144802,10940.35588,,,,,,,,,,,,,,,,,
42,45,0.885076284,0.155933142,0.328849792,20.39902782,21.76888704,10900.43116,,,,,,,,,,,,,,,,,
42,60,0.929679155,0.19066906,0.954323053,18.88841462,20.96308589,10910.09387,,,,,,,,,,,,,,,,,
42,90,1.08337903,0.287033081,4.699576855,9.310376167,15.38036513,11041.19471,,,,,,,,,,,,,,,,,
42,120,1.19068408,0.545606852,14.95706105,9.533195257,26.22654724,11051.61816,,,,,,,,,,,,,,,,,
43,3,0.758021832,0.011195898,0.000388145,22.11181831,22.88142419,9979.255484,,,,,,,,,,,,,,,,,
43,9,0.758801937,0.036104202,0.00082922,21.01569247,21.81142783,10026.97843,,,,,,,,,,,,,,,,,
43,15,0.808058262,0.051188231,0.004566908,19.31291175,20.17672515,10037.23609,,,,,,,,,,,,,,,,,
43,21,0.807661772,0.071331024,0.016263008,21.16986799,22.0651238,10008.97641,,,,,,,,,,,,,,,,,
43,27,0.819387197,0.101189852,0.042804956,21.17039108,22.13377309,10015.84974,,,,,,,,,,,,,,,,,
43,30,0.803383112,0.056696892,0.06050396,12.30299497,13.22357893,10130.36614,,,,,,,,,,,,,,,,,
43,45,0.907819986,0.13568902,0.307131052,15.24574995,16.59639001,10061.28949,,,,,,,,,,,,,,,,,
43,60,0.949972153,0.206602097,1.108464003,18.16157985,20.4266181,10077.76437,,,,,,,,,,,,,,,,,
43,90,1.052886963,0.391782045,5.105784178,18.469661,25.02011418,10112.28922,,,,,,,,,,,,,,,,,
43,120,1.221832991,0.554170132,15.19711709,15.68979979,32.66292,10139.07858,,,,,,,,,,,,,,,,,
44,3,0.766720057,0.019174099,0.000408888,21.68255091,22.46885395,10201.21199,,,,,,,,,,,,,,,,,
44,9,0.781342983,0.031296015,0.000858068,21.62466574,22.4381628,10209.40969,,,,,,,,,,,,,,,,,
44,15,0.813210249,0.039731026,0.005086899,21.50780678,22.36583495,10231.37436,,,,,,,,,,,,,,,,,
44,21,0.824459791,0.100250006,0.017205,20.70432329,21.64623809,10229.38613,,,,,,,,,,,,,,,,,
44,27,0.846512794,0.084117889,0.046727896,20.15176225,21.12912083,10238.55794,,,,,,,,,,,,,,,,,
44,30,0.822164297,0.104218006,0.060384989,20.34096169,21.32772899,10181.07627,,,,,,,,,,,,,,,,,
44,45,0.897189856,0.150293112,0.381563902,18.11634493,19.5453918,10299.3005,,,,,,,,,,,,,,,,,
44,60,0.94421196,0.268748045,1.080865622,16.93718243,19.23100805,10229.66982,,,,,,,,,,,,,,,,,
44,90,1.029035091,0.350488901,4.878723145,12.94668198,19.20492911,10277.79581,,,,,,,,,,,,,,,,,
44,120,1.204124212,0.529827118,14.3601222,10.86830568,26.96237922,10309.18461,,,,,,,,,,,,,,,,,
45,3,0.761459351,0.025147915,0.000420809,22.00244474,22.78947282,7552.050328,,,,,,,,,,,,,,,,,
45,9,0.744249105,0.029145241,0.0010221,21.14229965,21.9167161,7570.778843,,,,,,,,,,,,,,,,,
45,15,0.779334784,0.050671816,0.005795002,16.45478344,17.29058504,7599.840789,,,,,,,,,,,,,,,,,
45,21,0.799980879,0.054927111,0.016460896,14.89077091,15.7621398,7631.10871,,,,,,,,,,,,,,,,,
45,27,0.815430164,0.054567814,0.042319059,15.29515219,16.20746922,7626.065048,,,,,,,,,,,,,,,,,
45,30,0.819643974,0.099854231,0.063730001,18.26194739,19.2451756,7586.629933,,,,,,,,,,,,,,,,,
45,45,0.854110956,0.138360977,0.297960997,13.40416026,14.69459319,7628.101938,,,,,,,,,,,,,,,,,
45,60,0.923186302,0.244277954,0.935377121,15.4292798,17.53212118,7651.914076,,,,,,,,,,,,,,,,,
45,90,1.015882969,0.351670027,4.586632967,17.11990881,23.07409477,7633.563024,,,,,,,,,,,,,,,,,
45,120,1.182521105,0.468584776,13.31935573,6.516767263,21.48722887,7771.016314,,,,,,,,,,,,,,,,,
46,3,0.738020897,0.016292095,0.000317812,21.7411232,22.495754,10881.16437,,,,,,,,,,,,,,,,,
46,9,0.742851973,0.02155304,0.000733852,20.66302896,21.42816782,10953.25216,,,,,,,,,,,,,,,,,
46,15,0.775449038,0.034068823,0.004214764,21.35837626,22.17210889,10909.19939,,,,,,,,,,,,,,,,,
46,21,0.800511122,0.046536922,0.016096115,20.13165879,20.99480295,10906.1195,,,,,,,,,,,,,,,,,
46,27,0.816504955,0.056539059,0.043228865,20.05158019,20.96785307,10906.42164,,,,,,,,,,,,,,,,,
46,30,0.799865007,0.063101768,0.081932783,8.917653561,9.86255312,10908.51641,,,,,,,,,,,,,,,,,
46,45,0.870630264,0.150676966,0.333946943,10.88521075,12.24046493,10987.54398,,,,,,,,,,,,,,,,,
46,60,0.912269831,0.230153084,0.982321024,14.35622692,16.48097086,10973.13302,,,,,,,,,,,,,,,,,
46,90,1.07376194,0.316333055,4.852723122,10.8788929,17.12171102,11076.82706,,,,,,,,,,,,,,,,,
46,120,1.169729948,0.504834175,13.61211491,10.43476605,25.72144508,11005.66475,,,,,,,,,,,,,,,,,
47,3,0.730425835,0.019158125,0.000363111,21.67158794,22.42153502,11313.30959,,,,,,,,,,,,,,,,,
47,9,0.738299847,0.021419048,0.000720978,20.44177222,21.2022121,11321.54958,,,,,,,,,,,,,,,,,
47,15,0.779225111,0.050902605,0.00474906,18.5089891,19.34386587,11342.28403,,,,,,,,,,,,,,,,,
47,21,0.790428877,0.058052778,0.016238213,14.62471509,15.48943496,11389.64886,,,,,,,,,,,,,,,,,
47,27,0.781034946,0.050106049,0.040738106,13.29001403,14.16189313,11392.14749,,,,,,,,,,,,,,,,,
47,30,0.820799112,0.121666193,0.073011875,21.15841198,22.17388916,11316.32176,,,,,,,,,,,,,,,,,
47,45,0.864897013,0.133211851,0.319698334,14.52351499,15.84132218,11434.65313,,,,,,,,,,,,,,,,,
47,60,0.941123247,0.194238186,0.929029942,12.76980281,14.83419418,11447.56629,,,,,,,,,,,,,,,,,
47,90,1.035628796,0.357213259,4.83138895,10.03827906,16.26251006,11472.96257,,,,,,,,,,,,,,,,,
47,120,1.217912912,0.524419069,15.5055747,7.1115942,24.35950089,11576.08223,,,,,,,,,,,,,,,,,
48,3,0.756613255,0.011430025,0.00052309,21.88495755,22.65352392,8677.547493,,,,,,,,,,,,,,,,,
48,9,0.744427919,0.013489008,0.00075531,21.10609078,21.86476302,8715.336314,,,,,,,,,,,,,,,,,
48,15,0.788858891,0.028717041,0.004307032,21.19862914,22.0205121,8764.44969,,,,,,,,,,,,,,,,,
48,21,0.805842876,0.052765131,0.01624918,20.52091503,21.39577222,8796.902783,,,,,,,,,,,,,,,,,
48,27,0.815466166,0.080363989,0.045309782,20.7553792,21.69651914,8787.611713,,,,,,,,,,,,,,,,,
48,30,0.80509901,0.049618959,0.059584141,14.04446077,14.95876288,8792.326237,,,,,,,,,,,,,,,,,
48,45,0.910003901,0.10035491,0.304466009,16.7331233,18.04794812,8827.471158,,,,,,,,,,,,,,,,,
48,60,0.9303689,0.168955803,0.969260216,13.72129703,15.78988194,8836.415881,,,,,,,,,,,,,,,,,
48,90,1.036875963,0.377757311,4.679594994,8.582158804,14.67638707,8895.309828,,,,,,,,,,,,,,,,,
48,120,1.179201841,0.506373167,14.44683528,14.9030354,31.03544569,8775.972744,,,,,,,,,,,,,,,,,
49,3,0.75346303,0.011182785,0.000349045,21.98458505,22.74957991,10548.29763,,,,,,,,,,,,,,,,,
49,9,0.748872042,0.028418064,0.000760078,21.45505714,22.23310733,10541.86872,,,,,,,,,,,,,,,,,
49,15,0.770418882,0.03043294,0.004703999,21.41359115,22.21914697,10587.12134,,,,,,,,,,,,,,,,,
49,21,0.802857161,0.076072931,0.01621294,17.06198883,17.95713186,10636.91443,,,,,,,,,,,,,,,,,
49,27,0.813529253,0.074499846,0.042575121,16.44417977,17.37478399,10656.75591,,,,,,,,,,,,,,,,,
49,30,0.815474033,0.112726927,0.070340157,19.31237555,20.31091666,10542.3251,,,,,,,,,,,,,,,,,
49,45,0.854454994,0.121500254,0.316631794,10.16316104,11.45574808,10717.67964,,,,,,,,,,,,,,,,,
49,60,0.924338341,0.244414806,0.985291719,13.77743888,15.93148375,10643.24119,,,,,,,,,,,,,,,,,
49,90,1.054671049,0.369250059,4.77777791,7.542816877,13.7445159,10739.31281,,,,,,,,,,,,,,,,,
49,120,1.193407059,0.512084007,15.47578812,9.123364925,26.30464411,10738.06616,,,,,,,,,,,,,,,,,
50,3,0.759682894,0.02008605,0.00033617,22.10910988,22.88921499,10059.40161,,,,,,,,,,,,,,,,,
50,9,0.748876095,0.031687975,0.000968933,21.49830389,22.27983689,10075.0598,,,,,,,,,,,,,,,,,
50,15,0.77938199,0.061292887,0.005834103,21.35267997,22.19918895,10081.90968,,,,,,,,,,,,,,,,,
50,21,0.807297945,0.076228857,0.017524958,21.0723269,21.97337866,10068.15692,,,,,,,,,,,,,,,,,
50,27,0.837808132,0.081720829,0.055123806,21.06393504,22.03858781,10098.14539,,,,,,,,,,,,,,,,,
50,30,0.848868847,0.076925278,0.064302921,20.93187094,21.92196798,10136.04295,,,,,,,,,,,,,,,,,
50,45,0.859684944,0.15539217,0.340383053,16.45557785,17.81103802,10160.97938,,,,,,,,,,,,,,,,,
50,60,0.936847925,0.252931118,1.022411823,18.18019581,20.39238667,10164.93173,,,,,,,,,,,,,,,,,
50,90,1.093894243,0.351725101,5.187731981,18.06340575,24.69675708,10202.37557,,,,,,,,,,,,,,,,,
50,120,1.241572857,0.577753067,15.21458006,14.24649191,31.28039789,10223.53527,,,,,,,,,,,,,,,,,
51,3,0.814116955,0.022318125,0.000114918,21.3816011,22.21815109,9933.220373,,,,,,,,,,,,,,,,,
51,9,0.734140158,0.021374226,0.000760794,21.20539618,21.96167135,9956.232105,,,,,,,,,,,,,,,,,
51,15,0.761075974,0.066790819,0.004594803,20.98240829,21.81486988,9994.145971,,,,,,,,,,,,,,,,,
51,21,0.785783768,0.069865227,0.017327785,21.25086617,22.12384295,9981.033093,,,,,,,,,,,,,,,,,
51,27,0.784856081,0.03571105,0.039539099,20.58438778,21.44449401,9974.676655,,,,,,,,,,,,,,,,,
51,30,0.836167097,0.104712009,0.067259073,20.81765199,21.82579017,10125.39924,,,,,,,,,,,,,,,,,
51,45,0.881557941,0.165261984,0.338284016,17.87368226,19.2587862,10033.84911,,,,,,,,,,,,,,,,,
51,60,0.978686333,0.255149841,1.017263174,17.72001576,19.97111511,10200.19813,,,,,,,,,,,,,,,,,
51,90,1.054167032,0.341408014,4.891094208,14.02686048,20.31352973,10223.93139,,,,,,,,,,,,,,,,,
51,120,1.446065903,0.549256086,15.27596879,5.955529451,23.22682023,10358.13753,,,,,,,,,,,,,,,,,
52,3,0.726614952,0.018404007,0.000504971,22.83695102,23.58247495,11060.68805,,,,,,,,,,,,,,,,,
52,9,0.824826717,0.040639877,0.000825167,22.02682924,22.893121,11200.62083,,,,,,,,,,,,,,,,,
52,15,0.769935846,0.040064096,0.005199194,21.25861216,22.07381129,11200.5617,,,,,,,,,,,,,,,,,
52,21,0.773735762,0.062142849,0.015525818,21.24179435,22.09319878,11214.63879,,,,,,,,,,,,,,,,,
52,27,0.786779881,0.047069311,0.042107105,21.76584077,22.64179707,11206.57143,,,,,,,,,,,,,,,,,
52,30,0.876069784,0.060603142,0.060209274,20.80025077,21.79713297,11123.7389,,,,,,,,,,,,,,,,,
52,45,0.9442029,0.096878052,0.314411879,9.210750818,10.56624365,11376.15776,,,,,,,,,,,,,,,,,
52,60,0.994566202,0.267646074,0.95358181,21.73885679,23.95465088,11105.44616,,,,,,,,,,,,,,,,,
52,90,1.183891058,0.406587124,4.871517181,18.78534675,25.24734211,11156.23163,,,,,,,,,,,,,,,,,
52,120,1.237969875,0.520895958,14.24576592,5.442985296,21.44761705,11435.76547,,,,,,,,,,,,,,,,,
53,3,0.744292736,0.023483038,0.000550032,22.84574199,23.61406779,10030.8123,,,,,,,,,,,,,,,,,
53,9,0.769089937,0.028654099,0.000785828,22.00240111,22.80093098,10036.66535,,,,,,,,,,,,,,,,,
53,15,0.79381299,0.063171864,0.005511999,21.64966631,22.51216316,10043.71301,,,,,,,,,,,,,,,,,
53,21,0.808738232,0.067643166,0.018397808,21.01912165,21.91390085,10055.8166,,,,,,,,,,,,,,,,,
53,27,0.811435223,0.072967052,0.043074846,20.90819287,21.83566999,10059.62257,,,,,,,,,,,,,,,,,
53,30,0.894634008,0.092845917,0.082788944,21.65643716,22.72670603,10091.45174,,,,,,,,,,,,,,,,,
53,45,0.930817842,0.162466049,0.322428942,14.04912615,15.46483898,10129.52637,,,,,,,,,,,,,,,,,
53,60,0.95285821,0.220255375,0.942578793,17.91366267,20.02935505,10097.33619,,,,,,,,,,,,,,,,,
53,90,1.063824892,0.403996229,4.84227109,15.96987677,22.27996898,10171.65985,,,,,,,,,,,,,,,,,
53,120,1.220285892,0.554561138,15.98063493,9.723078012,27.47855997,10246.86123,,,,,,,,,,,,,,,,,
54,3,0.772178888,0.012013674,0.000539303,23.56745911,24.35219097,10948.37481,,,,,,,,,,,,,,,,,
54,9,0.748601675,0.044072866,0.000740051,22.03401566,22.82743025,11003.56784,,,,,,,,,,,,,,,,,
54,15,0.793570995,0.047266722,0.005210161,22.42018628,23.26623416,11010.41962,,,,,,,,,,,,,,,,,
54,21,0.860752344,0.087310791,0.01771307,21.43230391,22.39808011,11045.11711,,,,,,,,,,,,,,,,,
54,27,0.871620178,0.122929811,0.050168991,21.24543595,22.29015493,11053.241,,,,,,,,,,,,,,,,,
54,30,0.84807229,0.101786852,0.072036028,21.47695279,22.49884796,11049.3289,,,,,,,,,,,,,,,,,
54,45,0.928577185,0.126042843,0.338254213,18.30780101,19.70067525,11092.56253,,,,,,,,,,,,,,,,,
54,60,0.960805178,0.211529016,0.973582745,20.89162588,23.03754282,11049.09111,,,,,,,,,,,,,,,,,
54,90,1.079210043,0.376133919,4.811698914,15.68808317,21.95512605,11137.58524,,,,,,,,,,,,,,,,,
54,120,1.204260111,0.568393946,14.50038791,18.35524106,34.62828302,11169.02271,,,,,,,,,,,,,,,,,
55,3,0.749959946,0.011152267,0.000452995,22.65620899,23.4177742,10486.45234,,,,,,,,,,,,,,,,,
55,9,0.781007767,0.01377821,0.000723124,21.83385897,22.62936807,10521.40627,,,,,,,,,,,,,,,,,
55,15,0.783505201,0.039261103,0.004253864,20.84377885,21.67079902,10561.26189,,,,,,,,,,,,,,,,,
55,21,0.846198082,0.079595089,0.017595768,21.65696287,22.60035181,10535.53747,,,,,,,,,,,,,,,,,
55,27,0.840687037,0.096474886,0.048656225,22.43401599,23.41983414,10540.42264,,,,,,,,,,,,,,,,,
55,30,0.844664097,0.090698004,0.060849905,15.12131691,16.11752892,10644.65693,,,,,,,,,,,,,,,,,
55,45,0.911532164,0.126340866,0.342323065,20.40748596,21.78768206,10567.59974,,,,,,,,,,,,,,,,,
55,60,0.973703861,0.18226099,0.900006771,17.64456725,19.70053887,10669.15215,,,,,,,,,,,,,,,,,
55,90,1.089198112,0.315687895,4.825977087,11.76210213,17.99296522,10685.31177,,,,,,,,,,,,,,,,,
55,120,1.266448021,0.511006832,14.54018998,6.623948336,22.94159317,10872.86766,,,,,,,,,,,,,,,,,
56,3,0.733316183,0.010148764,0.000532866,21.78449917,22.52849698,8303.076978,,,,,,,,,,,,,,,,,
56,9,0.728997231,0.037621975,0.00092411,21.73484349,22.50238681,8332.375942,,,,,,,,,,,,,,,,,
56,15,0.779546261,0.061187744,0.005159855,21.37872887,22.22462273,8354.540794,,,,,,,,,,,,,,,,,
56,21,0.793009281,0.06551981,0.015313864,20.41818905,21.292032,8366.139043,,,,,,,,,,,,,,,,,
56,27,0.796763897,0.087662697,0.043116808,20.89076972,21.81831312,8367.82288,,,,,,,,,,,,,,,,,
56,30,0.805372,0.103158951,0.06680584,22.26717734,23.24251413,8437.072556,,,,,,,,,,,,,,,,,
56,45,0.905128241,0.158688068,0.333923101,17.58988762,18.98762703,8413.685778,,,,,,,,,,,,,,,,,
56,60,1.090466976,0.2778759,0.991795063,19.56618595,21.92632389,8455.734712,,,,,,,,,,,,,,,,,
56,90,1.218689203,0.361261845,4.902358055,13.36379981,19.84610891,8544.111289,,,,,,,,,,,,,,,,,
56,120,1.261006832,0.486377954,15.7300849,12.1914432,29.66891289,8520.282325,,,,,,,,,,,,,,,,,
57,3,0.753628254,0.012268066,0.000370026,23.36678672,24.13305306,9368.41631,,,,,,,,,,,,,,,,,
57,9,0.827255011,0.031511068,0.000868082,12.40430593,13.2639401,9449.405386,,,,,,,,,,,,,,,,,
57,15,0.80660677,0.043107986,0.005515575,19.88061166,20.73584199,9408.601131,,,,,,,,,,,,,,,,,
57,21,0.799217939,0.026370049,0.015466928,9.71978116,10.56083608,9500.757744,,,,,,,,,,,,,,,,,
57,27,0.830596209,0.035376072,0.040394068,9.076622725,9.982989073,9495.873395,,,,,,,,,,,,,,,,,
57,30,0.819929123,0.100072861,0.092772245,17.40229464,18.41506886,9444.080847,,,,,,,,,,,,,,,,,
57,45,0.905397892,0.157571077,0.362521887,15.66667628,17.09216714,9548.248074,,,,,,,,,,,,,,,,,
57,60,0.956714869,0.222616196,1.050702095,11.83423877,14.06427193,9527.995494,,,,,,,,,,,,,,,,,
57,90,1.097669125,0.393893957,5.249402761,11.90646696,18.6474328,9535.601007,,,,,,,,,,,,,,,,,
57,120,1.297511816,0.47506094,15.060045,6.977218151,23.80983591,9614.642999,,,,,,,,,,,,,,,,,
58,3,0.819219828,0.011411905,0.000353098,23.34344244,24.17442727,11598.35729,,,,,,,,,,,,,,,,,
58,9,0.849069118,0.011515141,0.000712872,22.17652988,23.03782701,11632.40793,,,,,,,,,,,,,,,,,
58,15,0.845261097,0.054250956,0.005899906,19.7948072,20.70021915,11661.12343,,,,,,,,,,,,,,,,,
58,21,0.831986189,0.024181843,0.015238762,21.42161322,22.29302001,11687.82158,,,,,,,,,,,,,,,,,
58,27,0.849491119,0.028074026,0.040184975,21.7553699,22.67312002,11683.93489,,,,,,,,,,,,,,,,,
58,30,0.87582612,0.10465169,0.064186096,20.93264318,21.97730708,11737.05802,,,,,,,,,,,,,,,,,
58,45,0.961297035,0.196081877,0.319828033,21.05730414,22.53451109,11699.61672,,,,,,,,,,,,,,,,,
58,60,1.064278126,0.267772913,1.051558971,19.74703908,22.13064909,11796.68699,,,,,,,,,,,,,,,,,
58,90,1.122919321,0.370558262,4.934720755,14.02634788,20.45454621,11835.94922,,,,,,,,,,,,,,,,,
58,120,1.239691019,0.560631752,15.88242507,12.60289407,30.28564191,11923.43651,,,,,,,,,,,,,,,,,
59,3,0.79503417,0.021080017,0.000499964,23.17694807,23.99356222,10089.05998,,,,,,,,,,,,,,,,,
59,9,0.825974941,0.025557995,0.000855207,21.94350576,22.79589391,10116.50234,,,,,,,,,,,,,,,,,
59,15,0.799192905,0.042994022,0.004292011,13.56467128,14.41115022,10166.22142,,,,,,,,,,,,,,,,,
59,21,0.832263231,0.091384888,0.016638994,20.9868288,21.92711592,10218.84625,,,,,,,,,,,,,,,,,
59,27,0.855571032,0.099262238,0.046526194,20.67417359,21.67553306,10186.24444,,,,,,,,,,,,,,,,,
59,30,0.827888012,0.090013981,0.06118989,20.98090196,21.95999384,10120.99311,,,,,,,,,,,,,,,,,
59,45,0.888397932,0.165608883,0.348003864,18.70099211,20.10300279,10229.23786,,,,,,,,,,,,,,,,,
59,60,0.954130888,0.196173191,0.946580887,11.26755524,13.3644402,10241.23048,,,,,,,,,,,,,,,,,
59,90,1.102514982,0.35314703,4.910317659,9.546820402,15.91280007,10265.16584,,,,,,,,,,,,,,,,,
59,120,1.237454176,0.536110878,14.99986219,16.37020564,33.14363289,10217.55516,,,,,,,,,,,,,,,,,
60,3,0.78306818,0.025398016,0.000418186,22.61517072,23.4240551,12446.19966,,,,,,,,,,,,,,,,,
60,9,0.762116909,0.023277998,0.000773907,19.30028105,20.08644986,12500.66444,,,,,,,,,,,,,,,,,
60,15,0.799964905,0.028157949,0.004342079,13.19064498,14.02310991,12564.05238,,,,,,,,,,,,,,,,,
60,21,0.814763069,0.056683064,0.016242981,13.21295691,14.10064602,12571.38586,,,,,,,,,,,,,,,,,
60,27,0.843640804,0.081266165,0.040459871,12.15458035,13.1199472,12590.20952,,,,,,,,,,,,,,,,,
60,30,0.855703115,0.085463762,0.066940069,21.62463808,22.63274503,12556.94187,,,,,,,,,,,,,,,,,
60,45,0.898859024,0.112497091,0.317451,10.26387167,11.59267879,12662.08152,,,,,,,,,,,,,,,,,
60,60,0.986643076,0.213065863,0.973138094,7.210886955,9.383733988,12739.01433,,,,,,,,,,,,,,,,,
60,90,1.131757021,0.358036995,4.866188049,13.02920985,19.38519192,12671.40145,,,,,,,,,,,,,,,,,
60,120,1.256435871,0.548310041,15.11752796,9.23261404,26.15488791,12834.77052,,,,,,,,,,,,,,,,,
61,3,0.747248888,0.026963949,0.000381947,22.03522086,22.80981565,8546.071688,,,,,,,,,,,,,,,,,
61,9,0.761609316,0.042370796,0.000849962,20.89252877,21.69735885,8568.101477,,,,,,,,,,,,,,,,,
61,15,0.753228664,0.044551373,0.00483489,20.41623902,21.21885395,8585.803335,,,,,,,,,,,,,,,,,
61,21,0.80265379,0.06499362,0.019124985,20.66886973,21.55564213,8601.144639,,,,,,,,,,,,,,,,,
61,27,0.838365793,0.083502769,0.049228191,15.18058419,16.15168095,8627.7246,,,,,,,,,,,,,,,,,
61,30,0.834289789,0.075594187,0.06925106,11.09448099,12.07361603,8642.650327,,,,,,,,,,,,,,,,,
61,45,0.919101,0.149301052,0.322728872,20.31675434,21.70788527,8617.193669,,,,,,,,,,,,,,,,,
61,60,0.989529133,0.266489983,1.048303127,9.852053642,12.15637589,8691.284169,,,,,,,,,,,,,,,,,
61,90,1.151301861,0.369685888,4.640185118,16.95628595,23.11745882,8654.349061,,,,,,,,,,,,,,,,,
61,120,1.370126963,0.555817842,16.71688986,12.90466452,31.54749918,8677.818641,,,,,,,,,,,,,,,,,
62,3,0.781858683,0.020240068,0.000336885,22.4639051,23.26634073,9291.34156,,,,,,,,,,,,,,,,,
62,9,0.781891108,0.018656015,0.000756979,21.87191391,22.67321801,9301.499009,,,,,,,,,,,,,,,,,
62,15,0.804246664,0.019802094,0.004486799,21.4224956,22.25103116,9323.149439,,,,,,,,,,,,,,,,,
62,21,0.822007895,0.08027029,0.019464016,21.27532482,22.19706702,9348.382493,,,,,,,,,,,,,,,,,
62,27,0.845169783,0.106247902,0.053026199,21.34261513,22.34705901,9414.138033,,,,,,,,,,,,,,,,,
62,30,0.828377008,0.085461855,0.077368975,20.8583312,21.84953904,9419.605691,,,,,,,,,,,,,,,,,
62,45,0.938600302,0.101481915,0.329748154,11.53802657,12.90785694,9437.800364,,,,,,,,,,,,,,,,,
62,60,1.015010834,0.149426937,0.932564259,12.49749899,14.59450102,9446.717675,,,,,,,,,,,,,,,,,
62,90,1.320759058,0.346917868,4.745006084,7.59540081,14.00808382,9503.500872,,,,,,,,,,,,,,,,,
62,120,1.298887253,0.562979937,15.57595897,11.67081594,29.1086421,9433.226299,,,,,,,,,,,,,,,,,
63,3,0.791170835,0.011821032,0.000350952,22.42405796,23.22740078,10065.30641,,,,,,,,,,,,,,,,,
63,9,0.815036058,0.047190666,0.001075268,22.18251681,23.04581881,10061.20867,,,,,,,,,,,,,,,,,
63,15,0.820293903,0.060038805,0.005277157,21.28478336,22.17039323,10051.85294,,,,,,,,,,,,,,,,,
63,21,0.847314358,0.082155704,0.017727852,21.08084083,22.02803874,10066.10311,,,,,,,,,,,,,,,,,
63,27,0.840958834,0.093873739,0.044568062,21.01107955,21.99048018,10070.901,,,,,,,,,,,,,,,,,
63,30,0.838943958,0.111399889,0.064951658,10.27462339,11.2899189,10227.85685,,,,,,,,,,,,,,,,,
63,45,0.903382063,0.17059207,0.364812136,18.6942668,20.13305306,10099.84835,,,,,,,,,,,,,,,,,
63,60,0.947158098,0.196224928,0.974392891,7.90712595,10.02490187,10282.15094,,,,,,,,,,,,,,,,,
63,90,1.080720901,0.320540905,4.820013046,5.743254423,11.96452928,10339.24926,,,,,,,,,,,,,,,,,
63,120,1.251541853,0.484881878,14.09349298,7.016769409,22.84668612,10346.48367,,,,,,,,,,,,,,,,,
64,3,0.766753912,0.020379782,0.000451088,23.07410812,23.86169291,11541.57889,,,,,,,,,,,,,,,,,
64,9,0.743818998,0.02859211,0.000935078,21.56642985,22.33977604,11613.37399,,,,,,,,,,,,,,,,,
64,15,0.793157101,0.030356884,0.004330873,21.60716724,22.4350121,11577.95171,,,,,,,,,,,,,,,,,
64,21,0.805060148,0.064292908,0.015450954,20.93576312,21.82056713,11594.0526,,,,,,,,,,,,,,,,,
64,27,0.821038961,0.071858883,0.041278124,20.89855123,21.83272719,11620.48792,,,,,,,,,,,,,,,,,
64,30,0.854207993,0.09724617,0.070090055,20.25532293,21.27686715,11561.15369,,,,,,,,,,,,,,,,,
64,45,0.90873003,0.144146919,0.323994875,20.91596818,22.29284,11611.02679,,,,,,,,,,,,,,,,,
64,60,0.971785069,0.209180832,0.993828058,17.73171306,19.90650702,11606.75829,,,,,,,,,,,,,,,,,
64,90,1.078346014,0.328408241,4.764901876,10.67076278,16.84241891,11717.78465,,,,,,,,,,,,,,,,,
64,120,1.233772039,0.525350094,15.29020405,9.608319759,26.65764594,11724.46391,,,,,,,,,,,,,,,,,
65,3,0.728114128,0.010446787,0.000309944,22.23051405,22.96938491,10023.9618,,,,,,,,,,,,,,,,,
65,9,0.750821829,0.032790899,0.000838041,21.73008347,22.51453424,10056.35555,,,,,,,,,,,,,,,,,
65,15,0.782541037,0.033844948,0.00474,21.16375589,21.98488188,10090.17091,,,,,,,,,,,,,,,,,
65,21,0.800202131,0.06440115,0.016576052,16.37226176,17.2534411,10121.35191,,,,,,,,,,,,,,,,,
65,27,0.782717943,0.078274012,0.045508862,16.49701118,17.403512,10151.8952,,,,,,,,,,,,,,,,,
65,30,0.825767994,0.101993084,0.070355892,17.93467379,18.93279076,10096.2915,,,,,,,,,,,,,,,,,
65,45,0.86496377,0.144533157,0.377661943,18.6881392,20.07529807,10147.46999,,,,,,,,,,,,,,,,,
65,60,0.950072765,0.184359312,0.991917849,16.40982223,18.53617215,10134.42188,,,,,,,,,,,,,,,,,
65,90,1.044421911,0.338119984,5.033466101,16.63487411,23.0508821,10183.37769,,,,,,,,,,,,,,,,,
65,120,1.205621004,0.532482862,15.26352477,7.27918458,24.28081322,10327.07982,,,,,,,,,,,,,,,,,
66,3,0.729792833,0.018927813,0.000292063,21.93643928,22.68545198,9769.89803,,,,,,,,,,,,,,,,,
66,9,0.750211954,0.029052019,0.000835896,21.70632911,22.48642898,9795.966834,,,,,,,,,,,,,,,,,
66,15,0.779585123,0.046567917,0.004239082,21.03042102,21.86081314,9811.588236,,,,,,,,,,,,,,,,,
66,21,0.780942202,0.085348129,0.017374992,20.20632768,21.089993,9820.08106,,,,,,,,,,,,,,,,,
66,27,0.806957245,0.051546812,0.042657137,17.87619781,18.77735901,9860.332306,,,,,,,,,,,,,,,,,
66,30,0.812906265,0.100636244,0.066314936,17.52089167,18.50074911,9851.68454,,,,,,,,,,,,,,,,,
66,45,0.906827927,0.187713861,0.344547033,19.09429097,20.53337979,9845.471775,,,,,,,,,,,,,,,,,
66,60,0.927404881,0.208430052,1.017996073,15.70235991,17.85619092,9910.122305,,,,,,,,,,,,,,,,,
66,90,1.037066936,0.355238914,4.633249044,8.762462378,14.78801727,9943.811408,,,,,,,,,,,,,,,,,
66,120,1.212646008,0.529019117,13.58025122,7.341989756,22.6639061,9990.791224,,,,,,,,,,,,,,,,,
67,3,0.762686968,0.010328054,0.000484943,21.81742001,22.59091997,9318.354274,,,,,,,,,,,,,,,,,
67,9,0.778767109,0.010905981,0.000742912,21.77034187,22.56075788,9302.972207,,,,,,,,,,,,,,,,,
67,15,0.804177999,0.070746183,0.006147146,21.59241772,22.47348905,9316.563451,,,,,,,,,,,,,,,,,
67,21,0.826943874,0.077728033,0.017642021,21.39995718,22.32227111,9327.781031,,,,,,,,,,,,,,,,,
67,27,0.824458838,0.087609768,0.049527168,21.34532332,22.3069191,9354.791734,,,,,,,,,,,,,,,,,
67,30,0.826951265,0.068552017,0.067835808,18.53413081,19.4974699,9315.347906,,,,,,,,,,,,,,,,,
67,45,0.89511776,0.12809515,0.313126087,20.89890909,22.23524809,9364.585441,,,,,,,,,,,,,,,,,
67,60,0.951766968,0.194617033,0.994292021,10.83481669,12.97549272,9445.491303,,,,,,,,,,,,,,,,,
67,90,1.05145216,0.407562971,5.143028975,11.49492788,18.09697199,9437.731421,,,,,,,,,,,,,,,,,
67,120,1.251938105,0.576753855,15.26146913,17.06950688,34.15966797,9410.915584,,,,,,,,,,,,,,,,,
68,3,0.753665924,0.019340038,0.000423908,21.71021223,22.4836421,10322.499,,,,,,,,,,,,,,,,,
68,9,0.751199961,0.031378031,0.000861168,21.17442179,21.95786095,10342.8804,,,,,,,,,,,,,,,,,
68,15,0.808559179,0.032861948,0.004747152,20.60395384,21.45012212,10362.74553,,,,,,,,,,,,,,,,,
68,21,0.81322813,0.0397439,0.017073154,20.4483428,21.31838799,10382.84539,,,,,,,,,,,,,,,,,
68,27,0.816846132,0.080870152,0.039694786,11.25317979,12.19059086,10458.52601,,,,,,,,,,,,,,,,,
68,30,0.811005831,0.068190098,0.062038898,19.29825425,20.23948908,10452.03979,,,,,,,,,,,,,,,,,
68,45,0.890589952,0.098803043,0.302955151,10.18213773,11.47448587,10531.72732,,,,,,,,,,,,,,,,,
68,60,0.97683692,0.219451189,0.931096792,15.4556644,17.5830493,10519.94044,,,,,,,,,,,,,,,,,
68,90,1.105674982,0.400553226,5.163536072,11.0489707,17.71873498,10574.16649,,,,,,,,,,,,,,,,,
68,120,1.266726732,0.53712678,14.82350016,6.851643324,23.47899699,10649.35503,,,,,,,,,,,,,,,,,
69,3,0.741718054,0.016591072,0.000467777,21.82078314,22.57956004,9156.751285,,,,,,,,,,,,,,,,,
69,9,0.763381004,0.030665874,0.000746012,17.99920416,18.79399705,9193.992597,,,,,,,,,,,,,,,,,
69,15,0.7871418,0.036329031,0.004315138,18.22044635,19.04823232,9198.864202,,,,,,,,,,,,,,,,,
69,21,0.782820225,0.05925703,0.015351772,13.19070411,14.04813313,9251.042532,,,,,,,,,,,,,,,,,
69,27,0.795109034,0.049482107,0.041015148,12.14016485,13.02577114,9268.221654,,,,,,,,,,,,,,,,,
69,30,0.816828966,0.098210812,0.061318159,20.76561308,21.74197102,9226.40803,,,,,,,,,,,,,,,,,
69,45,0.884481192,0.098561049,0.31357789,15.46797991,16.76460004,9257.073526,,,,,,,,,,,,,,,,,
69,60,0.933528185,0.211976051,0.963558912,8.751265764,10.86032891,9389.738532,,,,,,,,,,,,,,,,,
69,90,1.034106016,0.401067734,5.005344868,11.78436136,18.22487998,9407.483312,,,,,,,,,,,,,,,,,
69,120,1.209537745,0.479144096,15.22865915,8.699844837,25.61718583,9427.639774,,,,,,,,,,,,,,,,,
70,3,0.723552942,0.019576073,0.00051403,22.21022391,22.95386696,11261.67626,,,,,,,,,,,,,,,,,
70,9,0.733855009,0.019010067,0.000730276,21.57350659,22.32710195,11278.29875,,,,,,,,,,,,,,,,,
70,15,0.752851963,0.020277977,0.00415206,21.23374009,22.01102209,11283.26168,,,,,,,,,,,,,,,,,
70,21,0.82436204,0.024453163,0.015372038,21.35877085,22.22295809,11297.87796,,,,,,,,,,,,,,,,,
70,27,0.777380228,0.03215909,0.041868687,21.09104514,21.94245315,11301.22841,,,,,,,,,,,,,,,,,
70,30,0.827362061,0.093481064,0.063565016,19.97022605,20.95463419,11417.7424,,,,,,,,,,,,,,,,,
70,45,0.885168076,0.201932669,0.343749285,20.5135591,21.94440913,11304.50678,,,,,,,,,,,,,,,,,
70,60,0.93769598,0.248980999,0.990715981,18.72330809,20.90070105,11339.5435,,,,,,,,,,,,,,,,,
70,90,1.049293041,0.410044909,5.414678097,17.78300595,24.657022,11364.73556,,,,,,,,,,,,,,,,,
70,120,1.252987146,0.519402027,16.38061619,9.554542542,27.7075479,11567.84736,,,,,,,,,,,,,,,,,
71,3,0.709244728,0.019649982,0.000328064,21.95230126,22.68152404,9758.957285,,,,,,,,,,,,,,,,,
71,9,0.713500023,0.026105881,0.000835896,21.37647414,22.11691594,9757.681373,,,,,,,,,,,,,,,,,
71,15,0.758051157,0.031010151,0.004384995,15.28524256,16.07868886,9836.657671,,,,,,,,,,,,,,,,,
71,21,0.788074017,0.039683819,0.016795158,15.42496014,16.26951313,9835.871792,,,,,,,,,,,,,,,,,
71,27,0.763870239,0.06618309,0.042323828,11.32104301,12.19342017,9883.932259,,,,,,,,,,,,,,,,,
71,30,0.800895929,0.065390825,0.060982943,11.70257998,12.62984967,9895.189221,,,,,,,,,,,,,,,,,
71,45,0.856627941,0.087492228,0.329815149,11.7013216,12.97525692,9889.225109,,,,,,,,,,,,,,,,,
71,60,0.964930058,0.172633886,0.925223112,6.195301771,8.258088827,9982.494313,,,,,,,,,,,,,,,,,
71,90,1.05412817,0.343741179,4.947692871,10.69578886,17.04135108,9956.609026,,,,,,,,,,,,,,,,,
71,120,1.30433321,0.51765871,15.02040219,10.13356996,26.97596407,9945.589746,,,,,,,,,,,,,,,,,
72,3,0.733028173,0.01996994,0.000327826,22.03078008,22.78410602,10892.46332,,,,,,,,,,,,,,,,,
72,9,0.745398045,0.040710211,0.0011518,21.79691386,22.58417392,10886.31513,,,,,,,,,,,,,,,,,
72,15,0.764081717,0.049974203,0.005212069,21.58904099,22.40830898,10905.02827,,,,,,,,,,,,,,,,,
72,21,0.775868177,0.072017908,0.015344858,21.30468631,22.16791725,10925.66142,,,,,,,,,,,,,,,,,
72,27,0.779383659,0.070623159,0.04707408,20.99242783,21.88950872,10919.09236,,,,,,,,,,,,,,,,,
72,30,0.814892769,0.085577965,0.065963984,17.36141539,18.3278501,10954.97492,,,,,,,,,,,,,,,,,
72,45,0.883057117,0.157647848,0.327429771,16.01064324,17.37877798,10989.14056,,,,,,,,,,,,,,,,,
72,60,0.925992966,0.199034691,0.946354151,17.18481827,19.25620008,10975.94472,,,,,,,,,,,,,,,,,
72,90,1.072047949,0.338082075,4.631836891,11.89835215,17.94031906,11058.47956,,,,,,,,,,,,,,,,,
72,120,1.210072041,0.467978001,14.36850786,6.963518381,23.01007628,11132.78201,,,,,,,,,,,,,,,,,
73,3,0.770419121,0.024677753,0.000456095,21.91094518,22.70649815,11972.81079,,,,,,,,,,,,,,,,,
73,9,0.756223202,0.032366991,0.000823975,21.56722116,22.35663533,12008.8514,,,,,,,,,,,,,,,,,
73,15,0.794991016,0.036836863,0.005039215,21.64580989,22.48267698,12002.27778,,,,,,,,,,,,,,,,,
73,21,0.813095093,0.041542053,0.015413046,18.68831968,19.55836987,12039.54223,,,,,,,,,,,,,,,,,
73,27,0.817914009,0.047107935,0.063788176,18.77503085,19.70384097,12055.44571,,,,,,,,,,,,,,,,,
73,30,0.839113951,0.078151226,0.063382149,21.44882655,22.42947388,12095.37727,,,,,,,,,,,,,,,,,
73,45,0.919757128,0.086694956,0.306098223,16.94497156,18.25752187,12083.62909,,,,,,,,,,,,,,,,,
73,60,0.969311953,0.220524073,1.020916939,19.43362427,21.64437723,12084.13105,,,,,,,,,,,,,,,,,
73,90,1.094936848,0.361104965,4.930406332,7.079394817,13.46584296,12287.33295,,,,,,,,,,,,,,,,,
73,120,1.245816708,0.533986092,14.94770885,13.2108922,29.93840384,12223.07463,,,,,,,,,,,,,,,,,
74,3,0.767172813,0.010530233,0.000300884,21.98775601,22.76575994,9466.016154,,,,,,,,,,,,,,,,,
74,9,0.773871899,0.025479794,0.00073123,21.64442205,22.44450498,9481.021957,,,,,,,,,,,,,,,,,
74,15,0.817973852,0.049700975,0.00458169,21.67727041,22.54952693,9498.456291,,,,,,,,,,,,,,,,,
74,21,0.832535028,0.071599245,0.017518997,15.01448154,15.93613482,9552.745756,,,,,,,,,,,,,,,,,
74,27,0.826973915,0.105496168,0.045288801,15.76604104,16.74379992,9586.364774,,,,,,,,,,,,,,,,,
74,30,0.836045742,0.090635061,0.069256306,18.34101987,19.33695698,9574.234972,,,,,,,,,,,,,,,,,
74,45,0.890079021,0.133123875,0.32329917,11.01210403,12.3586061,9531.507049,,,,,,,,,,,,,,,,,
74,60,0.937932014,0.206051826,0.911935806,14.3967855,16.45270514,9625.703565,,,,,,,,,,,,,,,,,
74,90,1.0623281,0.356170654,5.160428047,8.765063286,15.34399009,9723.229515,,,,,,,,,,,,,,,,,
74,120,1.241514921,0.529139996,15.28404403,8.31954217,25.37424111,9791.156834,,,,,,,,,,,,,,,,,
75,3,0.763356924,0.02317214,0.00049901,22.00266266,22.78969073,11439.42548,,,,,,,,,,,,,,,,,
75,9,0.772502661,0.022624969,0.000759125,21.11200619,21.90789294,11473.26944,,,,,,,,,,,,,,,,,
75,15,0.790395737,0.027434826,0.004220724,20.79193068,21.61398196,11470.44568,,,,,,,,,,,,,,,,,
75,21,0.794037104,0.082452774,0.016354084,20.86748505,21.76032901,11464.99677,,,,,,,,,,,,,,,,,
75,27,0.798719883,0.086035967,0.040645838,20.59310007,21.51850176,11510.39226,,,,,,,,,,,,,,,,,
75,30,0.842401028,0.063706875,0.064036131,20.77481985,21.74496388,11498.17955,,,,,,,,,,,,,,,,,
75,45,0.896578074,0.168144226,0.347520828,19.77965403,21.19189715,11516.32085,,,,,,,,,,,,,,,,,
75,60,0.980064154,0.217440128,1.017721176,10.8429997,13.05822515,11570.49811,,,,,,,,,,,,,,,,,
75,90,1.075455904,0.324932098,4.727972984,7.32997489,13.45833588,11657.8297,,,,,,,,,,,,,,,,,
75,120,1.222481966,0.613349199,15.62603879,17.61919284,35.08106279,11526.61514,,,,,,,,,,,,,,,,,
76,3,0.78742218,0.019294977,0.000335932,22.18013167,22.98718476,10678.68428,,,,,,,,,,,,,,,,,
76,9,0.793865919,0.023971796,0.000745058,15.74088311,16.55946589,10770.04517,,,,,,,,,,,,,,,,,
76,15,0.806389093,0.028892994,0.004233122,9.245746613,10.08526182,10826.33254,,,,,,,,,,,,,,,,,
76,21,0.836896896,0.05879283,0.016757011,8.540803194,9.453249931,10834.91359,,,,,,,,,,,,,,,,,
76,27,0.865398884,0.06272316,0.041370869,8.665410995,9.634903908,10879.00821,,,,,,,,,,,,,,,,,
76,30,0.849066973,0.119626045,0.064702034,9.577935934,10.61133099,10805.59826,,,,,,,,,,,,,,,,,
76,45,0.899299622,0.136550903,0.321741104,16.40740252,17.76499414,10811.69292,,,,,,,,,,,,,,,,,
76,60,0.958358049,0.177385092,0.925707102,6.588249922,8.649700165,10884.32741,,,,,,,,,,,,,,,,,
76,90,1.085979223,0.325877905,4.603833914,4.324736834,10.34042788,10978.50487,,,,,,,,,,,,,,,,,
76,120,1.230540037,0.557727814,15.00232792,9.454346418,26.24494219,10935.83323,,,,,,,,,,,,,,,,,
77,3,0.767184973,0.019921303,0.000330925,21.67951274,22.46694994,10321.84891,,,,,,,,,,,,,,,,,
77,9,0.755570173,0.034752131,0.0009408,21.45033693,22.24160004,10328.81266,,,,,,,,,,,,,,,,,
77,15,0.793404102,0.05213213,0.004792929,20.71825576,21.56858492,10381.38771,,,,,,,,,,,,,,,,,
77,21,0.820003033,0.050843,0.015213013,15.59852886,16.48458791,10433.54493,,,,,,,,,,,,,,,,,
77,27,0.818531036,0.080339909,0.04211998,16.2991333,17.24012423,10426.9669,,,,,,,,,,,,,,,,,
77,30,0.825622082,0.085659981,0.064827204,17.79842472,18.77453399,10403.51874,,,,,,,,,,,,,,,,,
77,45,0.881759882,0.111788988,0.333239079,8.301957846,9.628745794,10474.06718,,,,,,,,,,,,,,,,,
77,60,0.966456175,0.181831837,0.877181292,11.6796689,13.70513821,10498.88906,,,,,,,,,,,,,,,,,
77,90,1.04519105,0.35277009,4.622937918,9.600297689,15.62119675,10573.19327,,,,,,,,,,,,,,,,,
77,120,1.250846148,0.560481071,15.10509801,12.99883986,29.91526508,10564.44079,,,,,,,,,,,,,,,,,
78,3,0.73807621,0.020426989,0.000335217,21.92451262,22.68335104,8097.358021,,,,,,,,,,,,,,,,,
78,9,0.738784075,0.017536879,0.000720024,21.41369629,22.17073727,8111.749851,,,,,,,,,,,,,,,,,
78,15,0.79078126,0.067644835,0.005469799,21.10378242,21.96767831,8110.952153,,,,,,,,,,,,,,,,,
78,21,0.808884859,0.073243856,0.018315077,21.51842523,22.41886902,8103.845381,,,,,,,,,,,,,,,,,
78,27,0.827566862,0.093954086,0.049795866,21.17696404,22.14828086,8119.514094,,,,,,,,,,,,,,,,,
78,30,0.816938877,0.113888979,0.064515114,13.56937408,14.56471705,8204.807313,,,,,,,,,,,,,,,,,
78,45,0.845046043,0.179135084,0.332385778,20.44195104,21.79851794,8150.379705,,,,,,,,,,,,,,,,,
78,60,0.920744896,0.226181984,1.004072905,19.63389325,21.78489304,8156.17982,,,,,,,,,,,,,,,,,
78,90,1.082461834,0.344792843,4.718085289,13.18658113,19.3319211,8251.627266,,,,,,,,,,,,,,,,,
78,120,1.20826602,0.526352167,14.42821026,9.328370571,25.49119902,8259.410334,,,,,,,,,,,,,,,,,
79,3,0.743816137,0.019345045,0.000451803,21.93507791,22.69869089,11005.87504,,,,,,,,,,,,,,,,,
79,9,0.738265991,0.034462929,0.000931263,21.37606788,22.14972806,11036.68709,,,,,,,,,,,,,,,,,
79,15,0.804947138,0.059573174,0.004697084,21.1938827,22.0631001,11026.94527,,,,,,,,,,,,,,,,,
79,21,0.799645185,0.079720974,0.015201807,20.5699048,21.46447277,11067.09705,,,,,,,,,,,,,,,,,
79,27,0.858818054,0.072981834,0.042220831,15.5338223,16.50784302,11110.60996,,,,,,,,,,,,,,,,,
79,30,0.862298012,0.078337908,0.062273979,10.31848121,11.32139111,11224.58184,,,,,,,,,,,,,,,,,
79,45,0.924567938,0.142848015,0.321057081,16.20785069,17.59632373,11098.77239,,,,,,,,,,,,,,,,,
79,60,0.97949791,0.173378706,0.980010033,5.414025307,7.546911955,11294.81008,,,,,,,,,,,,,,,,,
79,90,1.064944029,0.322705746,4.865942001,10.68469334,16.93828511,11257.8925,,,,,,,,,,,,,,,,,
79,120,1.331834078,0.45730114,14.211128,10.23180199,26.2320652,11301.6933,,,,,,,,,,,,,,,,,
80,3,0.759847879,0.010417938,0.000482082,22.21683621,22.98758411,10461.11989,,,,,,,,,,,,,,,,,
80,9,0.765891075,0.012071848,0.00073123,21.46753573,22.24622989,10493.41151,,,,,,,,,,,,,,,,,
80,15,0.790632963,0.033631802,0.004205227,21.08614802,21.91461802,10482.83166,,,,,,,,,,,,,,,,,
80,21,0.795177221,0.039172888,0.017179966,21.45492291,22.30645299,10465.77202,,,,,,,,,,,,,,,,,
80,27,0.81750083,0.053548098,0.055531979,20.8301363,21.75671721,10496.13509,,,,,,,,,,,,,,,,,
80,30,0.823998928,0.068526983,0.063729286,16.75843191,17.71468711,10541.54171,,,,,,,,,,,,,,,,,
80,45,0.894479036,0.129251719,0.339755058,13.52601147,14.88949728,10582.59189,,,,,,,,,,,,,,,,,
80,60,0.967126131,0.219198942,0.909152985,12.00234699,14.09782505,10565.13859,,,,,,,,,,,,,,,,,
80,90,1.061845064,0.363744974,4.824872017,6.266980886,12.51744294,10680.66387,,,,,,,,,,,,,,,,,
80,120,1.230471134,0.561781168,15.09753084,9.596479893,26.48626304,10677.20531,,,,,,,,,,,,,,,,,
81,3,0.792815208,0.011301994,0.000339985,21.79896164,22.60341883,9134.146043,,,,,,,,,,,,,,,,,
81,9,0.80289793,0.036242008,0.000879049,21.67326093,22.51327991,9166.025679,,,,,,,,,,,,,,,,,
81,15,0.793634892,0.025338888,0.004347801,21.16090631,21.9842279,9151.606208,,,,,,,,,,,,,,,,,
81,21,0.810668945,0.035783768,0.0151968,11.50042367,12.36207318,9237.398825,,,,,,,,,,,,,,,,,
81,27,0.806914091,0.087983131,0.044907093,17.21593571,18.15574002,9212.919502,,,,,,,,,,,,,,,,,
81,30,0.825652838,0.073049068,0.070275068,17.22193694,18.19091392,9195.84339,,,,,,,,,,,,,,,,,
81,45,0.888319254,0.117810249,0.322646141,16.33867621,17.66745186,9218.965671,,,,,,,,,,,,,,,,,
81,60,0.956959963,0.203034163,1.05900383,13.1153841,15.33438206,9280.467867,,,,,,,,,,,,,,,,,
81,90,1.060468912,0.31420207,4.533878803,8.276327133,14.18487692,9286.771447,,,,,,,,,,,,,,,,,
81,120,1.216550827,0.550578356,15.6542058,14.78030801,32.20164299,9193.096261,,,,,,,,,,,,,,,,,
82,3,0.750118971,0.010340214,0.000286102,22.18949151,22.9502368,12483.56214,,,,,,,,,,,,,,,,,
82,9,0.73896718,0.028211117,0.000748634,21.71684408,22.48477101,12534.78152,,,,,,,,,,,,,,,,,
82,15,0.783335209,0.029216766,0.004263163,21.62709069,22.44390583,12541.39749,,,,,,,,,,,,,,,,,
82,21,0.80235815,0.035452127,0.01646471,21.49060273,22.34487772,12549.49641,,,,,,,,,,,,,,,,,
82,27,0.797137022,0.063174248,0.040747881,21.53211498,22.43317413,12501.73075,,,,,,,,,,,,,,,,,
82,30,0.804260731,0.087285042,0.075165749,21.37958336,22.34629488,12577.18924,,,,,,,,,,,,,,,,,
82,45,0.878392935,0.181283712,0.343950033,21.18717313,22.59079981,12569.47922,,,,,,,,,,,,,,,,,
82,60,0.94062686,0.199127913,0.964715958,9.571147203,11.67561793,12738.28131,,,,,,,,,,,,,,,,,
82,90,1.049060822,0.378322363,5.251420975,13.22218251,19.90098667,12748.70514,,,,,,,,,,,,,,,,,
82,120,1.2300632,0.54544282,14.37133312,9.264673471,25.41151261,12794.44167,,,,,,,,,,,,,,,,,
83,3,0.751327038,0.023719072,0.00028491,21.78945494,22.56478596,9048.596419,,,,,,,,,,,,,,,,,
83,9,0.75626421,0.028063774,0.000834942,21.04427409,21.82943702,9072.873126,,,,,,,,,,,,,,,,,
83,15,0.798874855,0.043444157,0.004861116,20.90974951,21.75692964,9083.651717,,,,,,,,,,,,,,,,,
83,21,0.811950922,0.033221722,0.015194893,19.35969019,20.22005773,9106.222732,,,,,,,,,,,,,,,,,
83,27,0.84464097,0.106029034,0.047981024,21.15255213,22.15120316,9089.111014,,,,,,,,,,,,,,,,,
83,30,0.816869974,0.076446056,0.06376791,20.76350832,21.72059226,9009.875922,,,,,,,,,,,,,,,,,
83,45,0.882735014,0.116350174,0.33981204,17.08636165,18.42525887,9160.02115,,,,,,,,,,,,,,,,,
83,60,0.95995307,0.180071115,0.896774054,13.17466998,15.21146822,9103.444103,,,,,,,,,,,,,,,,,
83,90,1.05798912,0.362202883,5.086241007,17.73905325,24.24548626,9176.315957,,,,,,,,,,,,,,,,,
83,120,1.242146015,0.532850981,15.07538509,11.10418391,27.954566,9237.045234,,,,,,,,,,,,,,,,,
84,3,0.770302057,0.023890972,0.000455856,21.73495793,22.52960682,9942.48171,,,,,,,,,,,,,,,,,
84,9,0.772222281,0.024885178,0.000724077,19.70923662,20.50706816,9967.76378,,,,,,,,,,,,,,,,,
84,15,0.819688082,0.035650015,0.004294872,15.96524811,16.82488108,9985.011679,,,,,,,,,,,,,,,,,
84,21,0.848118067,0.044095039,0.015012741,15.64212608,16.54935193,10026.45457,,,,,,,,,,,,,,,,,
84,27,0.843078852,0.079738855,0.042966127,20.36591315,21.33169699,10008.43136,,,,,,,,,,,,,,,,,
84,30,0.821928978,0.05644393,0.063973188,19.87581062,20.81815672,9959.983922,,,,,,,,,,,,,,,,,
84,45,0.891821146,0.145411015,0.345102072,17.9481864,19.33052063,9991.670253,,,,,,,,,,,,,,,,,
84,60,0.976196051,0.171137094,0.914424181,9.565679789,11.62743711,10138.50354,,,,,,,,,,,,,,,,,
84,90,1.075472116,0.327013969,4.719136953,8.172014952,14.29363799,10210.23885,,,,,,,,,,,,,,,,,
84,120,1.22631979,0.483322144,14.08291984,5.258242369,21.05080414,10279.99928,,,,,,,,,,,,,,,,,
85,3,0.756278992,0.024425983,0.000463009,22.361624,23.14279199,9316.269997,,,,,,,,,,,,,,,,,
85,9,0.743690968,0.036770105,0.000974894,20.09864902,20.88008499,9362.531353,,,,,,,,,,,,,,,,,
85,15,0.769843102,0.038669825,0.004563808,20.13554621,20.94862294,9352.292368,,,,,,,,,,,,,,,,,
85,21,0.806799889,0.069051027,0.019563913,13.87468219,14.77009702,9396.154657,,,,,,,,,,,,,,,,,
85,27,0.816042185,0.090087891,0.050032139,18.70057058,19.6567328,9363.928074,,,,,,,,,,,,,,,,,
85,30,0.828589916,0.093299866,0.062590122,11.14258218,12.12706208,9374.99894,,,,,,,,,,,,,,,,,
85,45,0.863404989,0.129726171,0.330056906,18.869982,20.19317007,9391.102956,,,,,,,,,,,,,,,,,
85,60,0.923691988,0.229188919,0.959382057,15.63477921,17.74704218,9394.843383,,,,,,,,,,,,,,,,,
85,90,1.074164867,0.363766909,4.501888037,14.46775699,20.4075768,9424.217169,,,,,,,,,,,,,,,,,
85,120,1.228974104,0.57140398,15.16029501,13.47148275,30.43215585,9435.920918,,,,,,,,,,,,,,,,,
86,3,0.739590168,0.02263093,0.000313044,21.74867988,22.51121402,9419.249602,,,,,,,,,,,,,,,,,
86,9,0.727807999,0.025949955,0.00097394,21.52026129,22.27499318,9432.049381,,,,,,,,,,,,,,,,,
86,15,0.768134832,0.051974058,0.005105019,21.24489331,22.07010722,9438.560959,,,,,,,,,,,,,,,,,
86,21,0.779768229,0.064329863,0.018762589,21.36727858,22.23013926,9415.088779,,,,,,,,,,,,,,,,,
86,27,0.775668144,0.12368989,0.051929712,21.35025716,22.3015449,9433.884399,,,,,,,,,,,,,,,,,
86,30,0.832416058,0.108479023,0.070400953,15.86532092,16.87661695,9564.07547,,,,,,,,,,,,,,,,,
86,45,0.853486061,0.140926838,0.333629847,19.08603835,20.4140811,9466.071166,,,,,,,,,,,,,,,,,
86,60,0.95784688,0.196932077,0.935291052,15.00939536,17.09946537,9648.037007,,,,,,,,,,,,,,,,,
86,90,1.077223778,0.349290133,4.714500904,6.709678173,12.85069299,9711.044397,,,,,,,,,,,,,,,,,
86,120,1.239202023,0.535599709,14.65543103,8.004458427,24.43469119,9697.257415,,,,,,,,,,,,,,,,,
87,3,0.770535946,0.019951105,0.000350952,21.9791429,22.76998091,9354.08546,,,,,,,,,,,,,,,,,
87,9,0.741350889,0.0270679,0.000769138,19.92966104,20.69884896,9393.844073,,,,,,,,,,,,,,,,,
87,15,0.782779217,0.030684948,0.004234076,17.51580882,18.33350706,9422.564276,,,,,,,,,,,,,,,,,
87,21,0.815584183,0.050359964,0.016687155,19.04865646,19.93128777,9424.899263,,,,,,,,,,,,,,,,,
87,27,0.822071075,0.104568958,0.049914122,19.15518785,20.131742,9446.82546,,,,,,,,,,,,,,,,,
87,30,0.800071955,0.07972312,0.064462185,13.62510085,14.56935811,9424.560639,,,,,,,,,,,,,,,,,
87,45,0.902382851,0.093343019,0.301703215,16.99930477,18.29673386,9398.596779,,,,,,,,,,,,,,,,,
87,60,0.929850817,0.149392128,0.994924784,11.01613522,13.09030294,9437.639425,,,,,,,,,,,,,,,,,
87,90,1.049180269,0.366955996,4.981707811,8.176508665,14.57435274,9483.534815,,,,,,,,,,,,,,,,,
87,120,1.227894068,0.501140118,15.52383709,5.588096619,22.84096789,9566.004453,,,,,,,,,,,,,,,,,
88,3,0.807901859,0.017971992,0.000319958,21.67403603,22.50022984,10822.34994,,,,,,,,,,,,,,,,,
88,9,0.77079916,0.042810202,0.001024008,21.46256542,22.27719879,10821.13082,,,,,,,,,,,,,,,,,
88,15,0.783426046,0.053730726,0.005875349,21.14965487,21.99268699,10844.46823,,,,,,,,,,,,,,,,,
88,21,0.82105422,0.058258057,0.015141726,20.72669506,21.62114906,10872.33399,,,,,,,,,,,,,,,,,
88,27,0.803212166,0.095101833,0.047498941,20.10178685,21.04759979,10881.14711,,,,,,,,,,,,,,,,,
88,30,0.778926849,0.086429119,0.070371866,12.14464045,13.08036828,10986.0347,,,,,,,,,,,,,,,,,
88,45,0.903684139,0.118598938,0.309026957,14.60526896,15.93657899,10962.20154,,,,,,,,,,,,,,,,,
88,60,0.954660177,0.177734852,0.940696001,13.47527695,15.54836798,11037.92197,,,,,,,,,,,,,,,,,
88,90,1.085793018,0.389163017,5.19713521,10.93141675,17.603508,11080.2437,,,,,,,,,,,,,,,,,
88,120,1.281147957,0.54307723,15.06159902,7.481174946,24.36699915,11151.02176,,,,,,,,,,,,,,,,,
89,3,0.782636166,0.011175871,0.000319004,22.02207088,22.81620193,10737.35358,,,,,,,,,,,,,,,,,
89,9,0.770380974,0.03977704,0.000967979,21.40130782,22.21243382,10792.41382,,,,,,,,,,,,,,,,,
89,15,0.801072836,0.036561251,0.004654884,21.16918802,22.01147699,10836.3,,,,,,,,,,,,,,,,,
89,21,0.820759058,0.057356119,0.015401125,20.20450664,21.09802294,10795.82053,,,,,,,,,,,,,,,,,
89,27,0.826772928,0.090861797,0.045732021,20.63872337,21.60209012,10799.46782,,,,,,,,,,,,,,,,,
89,30,0.808975697,0.086988926,0.060775995,21.25132823,22.20806885,10783.77553,,,,,,,,,,,,,,,,,
89,45,0.886558056,0.146007061,0.303819895,19.04795098,20.38433599,10833.56457,,,,,,,,,,,,,,,,,
89,60,0.945770025,0.237104893,1.024230957,14.33511996,16.54222584,10838.25347,,,,,,,,,,,,,,,,,
89,90,1.096546888,0.361109018,4.950412035,13.99636698,20.40443492,10915.57107,,,,,,,,,,,,,,,,,
89,120,1.22315526,0.518100977,15.10309291,11.65291286,28.497262,10963.74094,,,,,,,,,,,,,,,,,
90,3,0.723943949,0.010277748,0.000328064,21.82528925,22.55983901,10160.29311,,,,,,,,,,,,,,,,,
90,9,0.748457909,0.040838957,0.001023054,21.37577319,22.16609311,10189.41804,,,,,,,,,,,,,,,,,
90,15,0.766691923,0.056845188,0.004208803,21.69924092,22.52698684,10212.76996,,,,,,,,,,,,,,,,,
90,21,0.76628089,0.073067188,0.01757884,21.23742008,22.094347,10211.20031,,,,,,,,,,,,,,,,,
90,27,0.805098057,0.074468851,0.043658972,15.09652925,16.01975513,10291.34918,,,,,,,,,,,,,,,,,
90,30,0.808319092,0.093014956,0.064434767,10.77938128,11.74515009,10295.48611,,,,,,,,,,,,,,,,,
90,45,0.897750139,0.120839119,0.329563141,10.39447045,11.74262285,10355.14187,,,,,,,,,,,,,,,,,
90,60,0.939767122,0.186237097,0.951147079,13.38166165,15.45881295,10297.04237,,,,,,,,,,,,,,,,,
90,90,1.041451216,0.401283026,4.954556227,9.728408575,16.12569904,10379.55617,,,,,,,,,,,,,,,,,
90,120,1.195814133,0.589343309,15.62448931,11.21441936,28.62406611,10399.33607,,,,,,,,,,,,,,,,,
91,3,0.770953894,0.023191214,0.000314951,21.70844293,22.50290298,10413.69755,,,,,,,,,,,,,,,,,
91,9,0.76451993,0.022397041,0.000727177,21.16802597,21.95567012,10441.2761,,,,,,,,,,,,,,,,,
91,15,0.818193913,0.026206017,0.004228115,21.03684688,21.88547492,10505.58869,,,,,,,,,,,,,,,,,
91,21,0.827266216,0.079693079,0.016410828,20.89506102,21.81843114,10457.08429,,,,,,,,,,,,,,,,,
91,27,0.827152014,0.09442997,0.041649818,20.95505524,21.91828704,10447.96984,,,,,,,,,,,,,,,,,
91,30,0.806877851,0.074748755,0.06127429,12.12752914,13.07043004,10518.02246,,,,,,,,,,,,,,,,,
91,45,0.892297983,0.163716078,0.306215048,12.56990194,13.93213105,10487.59483,,,,,,,,,,,,,,,,,
91,60,0.938820839,0.209183931,0.949496031,9.386175394,11.4836762,10569.35879,,,,,,,,,,,,,,,,,
91,90,1.045290947,0.377972841,4.992350101,14.02816725,20.44378114,10512.78069,,,,,,,,,,,,,,,,,
91,120,1.206884861,0.584329128,15.38630605,10.88301301,28.06053305,10619.70296,,,,,,,,,,,,,,,,,
92,3,0.738481998,0.019235134,0.000302792,22.07861638,22.8366363,10475.06346,,,,,,,,,,,,,,,,,
92,9,0.775448799,0.017880917,0.000730753,21.79942036,22.59348083,10514.64237,,,,,,,,,,,,,,,,,
92,15,0.784382105,0.06650877,0.004713058,21.60055542,22.45615935,10505.03448,,,,,,,,,,,,,,,,,
92,21,0.821373224,0.072321177,0.01762414,21.25542235,22.16674089,10466.93428,,,,,,,,,,,,,,,,,
92,27,0.81524086,0.075494051,0.040594816,21.35988235,22.29121208,10458.58199,,,,,,,,,,,,,,,,,
92,30,0.832839012,0.105360985,0.075529099,21.14702821,22.1607573,10471.30497,,,,,,,,,,,,,,,,,
92,45,0.904417038,0.15523982,0.343918085,15.11853695,16.52211189,10503.45222,,,,,,,,,,,,,,,,,
92,60,0.956674099,0.213042736,0.972867012,19.68957138,21.83215523,10495.93205,,,,,,,,,,,,,,,,,
92,90,1.068372965,0.365500927,4.948126793,18.37245011,24.7544508,10537.35309,,,,,,,,,,,,,,,,,
92,120,1.241899014,0.511582136,14.34449387,12.48031807,28.57829309,10572.65691,,,,,,,,,,,,,,,,,
93,3,0.739544153,0.010355949,0.000329971,22.24982095,23.00005102,8297.383117,,,,,,,,,,,,,,,,,
93,9,0.759065866,0.043170929,0.000852108,21.02723098,21.83031988,8328.41563,,,,,,,,,,,,,,,,,
93,15,0.788901091,0.056005716,0.005100965,20.74399424,21.59400201,8346.97646,,,,,,,,,,,,,,,,,
93,21,0.789722204,0.082526922,0.016673088,19.04660058,19.93552279,8353.594582,,,,,,,,,,,,,,,,,
93,27,0.80444479,0.069905996,0.040938854,17.93582129,18.85111094,8380.382239,,,,,,,,,,,,,,,,,
93,30,0.834384918,0.080648899,0.063807011,20.89929533,21.87813616,8291.0759,,,,,,,,,,,,,,,,,
93,45,0.881608009,0.103562117,0.310971975,11.52939177,12.82553387,8447.074095,,,,,,,,,,,,,,,,,
93,60,0.955070972,0.162927866,0.932177067,10.18869615,12.23887205,8365.037046,,,,,,,,,,,,,,,,,
93,90,1.044392109,0.308917999,4.641547918,6.412246943,12.40710497,8521.005053,,,,,,,,,,,,,,,,,
93,120,1.209726095,0.436866045,13.74756813,5.749072552,21.14323282,8553.517319,,,,,,,,,,,,,,,,,
94,3,0.741335869,0.01029706,0.000300884,21.73749518,22.489429,11062.85543,,,,,,,,,,,,,,,,,
94,9,0.7636199,0.010956049,0.000721931,21.10793328,21.88323116,11100.74621,,,,,,,,,,,,,,,,,
94,15,0.791293859,0.042495012,0.004227161,21.38780808,22.22582412,10965.7132,,,,,,,,,,,,,,,,,
94,21,0.795931101,0.066358566,0.015181065,12.03461432,12.91208506,11070.29186,,,,,,,,,,,,,,,,,
94,27,0.803882837,0.070046186,0.044168949,21.25234509,22.17044306,11008.77547,,,,,,,,,,,,,,,,,
94,30,0.819008112,0.119446754,0.075855017,20.93363523,21.94794512,11117.38801,,,,,,,,,,,,,,,,,
94,45,0.898812771,0.130743027,0.318898916,11.82084107,13.16929579,11113.82336,,,,,,,,,,,,,,,,,
94,60,0.939421892,0.204063892,1.014257908,17.13324714,19.29099083,11159.09807,,,,,,,,,,,,,,,,,
94,90,1.058193207,0.37724185,4.967505932,13.26968527,19.67262626,11166.10398,,,,,,,,,,,,,,,,,
94,120,1.225028038,0.537470102,14.73143077,7.278757334,23.77268624,11245.30314,,,,,,,,,,,,,,,,,
95,3,0.768448114,0.010608912,0.000473261,21.71626878,22.49579906,9806.709875,,,,,,,,,,,,,,,,,
95,9,0.762041807,0.028899193,0.000726938,21.24767208,22.03934002,9831.850671,,,,,,,,,,,,,,,,,
95,15,0.79542923,0.063566923,0.004786968,21.12785697,21.99164009,9860.093457,,,,,,,,,,,,,,,,,
95,21,0.811295033,0.07228303,0.017235279,19.61340785,20.51422119,9893.607778,,,,,,,,,,,,,,,,,
95,27,0.822717905,0.094345808,0.049362183,19.69601107,20.66243696,9888.34119,,,,,,,,,,,,,,,,,
95,30,0.803966761,0.094763756,0.06894207,20.99031639,21.95798898,9757.226617,,,,,,,,,,,,,,,,,
95,45,0.921042919,0.090390205,0.29360199,10.26515794,11.57019305,9988.352117,,,,,,,,,,,,,,,,,
95,60,0.936875105,0.216515779,0.996165276,19.04472184,21.194278,9913.229175,,,,,,,,,,,,,,,,,
95,90,1.043539047,0.394304991,4.997542858,11.57549119,18.01087809,9985.531579,,,,,,,,,,,,,,,,,
95,120,1.220131874,0.571607113,15.41250896,7.789551973,24.99379992,10084.05037,,,,,,,,,,,,,,,,,
96,3,0.762405157,0.023095608,0.000319004,21.69920707,22.48502684,10162.02984,,,,,,,,,,,,,,,,,
96,9,0.741210699,0.025854826,0.000993967,21.77117252,22.53923202,10153.04787,,,,,,,,,,,,,,,,,
96,15,0.755079746,0.041007996,0.004664183,21.59387207,22.39462399,10189.08202,,,,,,,,,,,,,,,,,
96,21,0.811658859,0.042392731,0.01621604,20.87978148,21.75004911,10197.43684,,,,,,,,,,,,,,,,,
96,27,0.80331111,0.082507849,0.042854071,20.90275407,21.8314271,10194.2338,,,,,,,,,,,,,,,,,
96,30,0.82615304,0.038046122,0.061017036,15.59761786,16.52283406,10268.90137,,,,,,,,,,,,,,,,,
96,45,0.883960962,0.143077135,0.332789183,13.61419988,14.97402716,10269.95363,,,,,,,,,,,,,,,,,
96,60,0.936058044,0.220904112,0.946218967,15.78898883,17.89216995,10261.18629,,,,,,,,,,,,,,,,,
96,90,1.096628904,0.408182859,4.837375879,17.89923453,24.24142218,10283.55848,,,,,,,,,,,,,,,,,
96,120,1.223500967,0.549864054,15.39162183,15.09451032,32.25949717,10379.00438,,,,,,,,,,,,,,,,,
97,3,0.764274836,0.019430876,0.000504971,21.80913639,22.59334707,10527.68932,,,,,,,,,,,,,,,,,
97,9,0.762552023,0.025295973,0.000968933,22.008919,22.79773593,10523.13802,,,,,,,,,,,,,,,,,
97,15,0.814249992,0.055757046,0.005619287,21.03028274,21.90590906,10548.01452,,,,,,,,,,,,,,,,,
97,21,0.835308075,0.044303894,0.016181946,21.71140194,22.60719585,10548.22684,,,,,,,,,,,,,,,,,
97,27,0.903033018,0.055951834,0.046763897,21.13169336,22.13744211,10564.51095,,,,,,,,,,,,,,,,,
97,30,0.834959269,0.124038935,0.066376925,20.8911159,21.91649103,10529.43303,,,,,,,,,,,,,,,,,
97,45,0.917428017,0.083199024,0.31620717,20.96177101,22.27860522,10578.9741,,,,,,,,,,,,,,,,,
97,60,1.001185179,0.223510981,0.941325665,16.33916926,18.50519109,10604.69492,,,,,,,,,,,,,,,,,
97,90,1.119403839,0.407938004,4.550638199,19.30297208,25.38095212,10608.55335,,,,,,,,,,,,,,,,,
97,120,1.249418974,0.542091131,15.30839014,8.551826954,25.6517272,10759.57233,,,,,,,,,,,,,,,,,
98,3,0.787056684,0.020436049,0.000499964,21.9092803,22.717273,10107.65205,,,,,,,,,,,,,,,,,
98,9,0.770809174,0.029021978,0.000937939,21.44390774,22.24467683,10188.38173,,,,,,,,,,,,,,,,,
98,15,0.815639019,0.032991171,0.004591942,20.15465808,21.00788021,10218.3978,,,,,,,,,,,,,,,,,
98,21,0.833842993,0.035654068,0.015065908,19.68401003,20.568573,10194.34988,,,,,,,,,,,,,,,,,
98,27,0.860441923,0.06814909,0.040755033,11.30047989,12.26982594,10260.85908,,,,,,,,,,,,,,,,,
98,30,0.842291832,0.087020159,0.065669775,18.93393207,19.92891383,10255.99652,,,,,,,,,,,,,,,,,
98,45,0.897597075,0.162898064,0.294542074,13.35215974,14.70719695,10232.53294,,,,,,,,,,,,,,,,,
98,60,0.956465006,0.216441154,0.889028788,10.63109326,12.69302821,10234.97352,,,,,,,,,,,,,,,,,
98,90,1.137928009,0.341342211,4.939208984,16.61340189,23.03188109,10225.3658,,,,,,,,,,,,,,,,,
98,120,1.209388018,0.536229134,15.30595207,13.18508768,30.2366569,10333.75641,,,,,,,,,,,,,,,,,
99,3,0.776680946,0.011282921,0.00029397,22.06761122,22.85586905,7406.344425,,,,,,,,,,,,,,,,,
99,9,0.746474981,0.025926352,0.000916958,21.89977074,22.67308903,7426.845045,,,,,,,,,,,,,,,,,
99,15,0.809139967,0.056147337,0.004959822,21.47342896,22.34367609,7429.213552,,,,,,,,,,,,,,,,,
99,21,0.826696873,0.059274912,0.017085791,21.22089314,22.12395072,7436.372967,,,,,,,,,,,,,,,,,
99,27,0.838334799,0.080754757,0.05121398,21.12458849,22.09489202,7431.551158,,,,,,,,,,,,,,,,,
99,30,0.850157022,0.068015099,0.061047792,13.81804109,14.797261,7461.586005,,,,,,,,,,,,,,,,,
99,45,0.878166676,0.131826878,0.320292234,21.09975505,22.43004084,7459.782674,,,,,,,,,,,,,,,,,
99,60,0.980782032,0.189182997,0.909662008,8.502488852,10.58211589,7553.65588,,,,,,,,,,,,,,,,,
99,90,1.108834743,0.347494125,4.834750891,11.53063297,17.82171273,7549.544207,,,,,,,,,,,,,,,,,
99,120,1.215692997,0.534956694,15.2635603,10.27864909,27.29285908,7561.152742,,,,,,,,,,,,,,,,,
100,3,0.777778864,0.019824028,0.000324011,21.74007344,22.53800035,10493.03847,,,,,,,,,,,,,,,,,
100,9,0.752509832,0.032548904,0.00083518,21.41791201,22.20380592,10530.57102,,,,,,,,,,,,,,,,,
100,15,0.795473099,0.038387299,0.004313946,18.98284388,19.82101822,10557.18497,,,,,,,,,,,,,,,,,
100,21,0.780638933,0.074141264,0.017462015,12.88703442,13.75927663,10572.4687,,,,,,,,,,,,,,,,,
100,27,416.7926679,0.089014053,0.061588049,13.38216305,14.19684792,10585.27398,,,,,,,,,,,,,,,,,
100,30,0.842149973,0.092507839,0.064052105,14.79735994,15.79606986,10516.23623,,,,,,,,,,,,,,,,,
100,45,0.872900724,0.128180981,0.30982399,10.8066473,12.117553,10569.19132,,,,,,,,,,,,,,,,,
100,60,0.923841953,0.164562941,0.98591423,9.757605791,11.83192492,10647.25065,,,,,,,,,,,,,,,,,
100,90,1.878485918,0.379239798,4.986097097,8.975188255,16.21901107,10602.84276,,,,,,,,,,,,,,,,,
100,120,1.368680954,0.517198801,15.58949494,9.961157084,27.43653178,10621.45765,,,,,,,,,,,,,,,,,
101,3,0.72645998,0.021604061,0.000302792,22.47654033,23.22490716,9387.42383,,,,,,,,,,,,,,,,,
101,9,0.741917849,0.037782907,0.001044035,21.66310239,22.44384718,9434.655473,,,,,,,,,,,,,,,,,
101,15,0.780914783,0.053033829,0.005483866,16.39333344,17.23276591,9423.664334,,,,,,,,,,,,,,,,,
101,21,0.795835972,0.08435607,0.01735878,16.65718126,17.55473208,9434.746263,,,,,,,,,,,,,,,,,
101,27,0.793121099,0.109101057,0.046631098,16.90414071,17.85299397,9422.703401,,,,,,,,,,,,,,,,,
101,30,0.823542833,0.10221076,0.062265158,13.50968313,14.49770188,9412.384902,,,,,,,,,,,,,,,,,
101,45,0.866200924,0.116596937,0.311713219,20.05877995,21.35329103,9432.048572,,,,,,,,,,,,,,,,,
101,60,0.964920044,0.237085104,0.993160963,17.21782017,19.41298628,9383.913426,,,,,,,,,,,,,,,,,
101,90,1.052256107,0.360207081,5.091961145,9.803607702,16.30803204,9483.095359,,,,,,,,,,,,,,,,,
101,120,1.230791092,0.53420186,14.13880014,12.60458016,28.50837326,9566.651568,,,,,,,,,,,,,,,,,
102,3,0.74424696,0.019147158,0.000436068,21.66660476,22.43043494,9287.1071,,,,,,,,,,,,,,,,,
102,9,0.762990952,0.023786068,0.001037121,21.49598289,22.28379703,9297.640436,,,,,,,,,,,,,,,,,
102,15,0.798816204,0.056154013,0.004554033,20.73447585,21.5940001,9318.995772,,,,,,,,,,,,,,,,,
102,21,0.791115761,0.078790188,0.016904831,20.65735221,21.54416299,9330.36352,,,,,,,,,,,,,,,,,
102,27,0.806797028,0.103945971,0.049072742,20.89158535,21.85140109,9267.081245,,,,,,,,,,,,,,,,,
102,30,0.859884739,0.085216045,0.06500721,20.14550114,21.15560913,9352.99476,,,,,,,,,,,,,,,,,
102,45,0.888375044,0.16420722,0.32367301,20.48926592,21.86552119,9287.14718,,,,,,,,,,,,,,,,,
102,60,0.954281092,0.19759798,1.040537834,16.67975307,18.87216997,9411.1178,,,,,,,,,,,,,,,,,
102,90,1.108242989,0.32336688,4.935215235,5.508404016,11.87522912,9524.107886,,,,,,,,,,,,,,,,,
102,120,1.264915943,0.515982151,14.92055702,8.493575811,25.19503093,9497.073769,,,,,,,,,,,,,,,,,
103,3,0.733697176,0.023199081,0.000354052,21.83566785,22.59291816,11063.21097,,,,,,,,,,,,,,,,,
103,9,0.730772018,0.021656036,0.000722885,21.29472113,22.04787207,11084.62979,,,,,,,,,,,,,,,,,
103,15,0.778801203,0.064291954,0.005717993,21.01826763,21.86707878,11120.88911,,,,,,,,,,,,,,,,,
103,21,0.801347017,0.064088821,0.018372059,21.02735305,21.91116095,11093.53606,,,,,,,,,,,,,,,,,
103,27,0.802776814,0.0666821,0.042383671,20.55597448,21.46781707,11078.75704,,,,,,,,,,,,,,,,,
103,30,0.82705164,0.091362,0.064078093,16.22495937,17.20745111,11095.78416,,,,,,,,,,,,,,,,,
103,45,0.8719697,0.114706278,0.302270889,12.85236883,14.1413157,11135.14858,,,,,,,,,,,,,,,,,
103,60,0.917168856,0.226613998,0.944068193,16.41813707,18.50598812,11112.52755,,,,,,,,,,,,,,,,,
103,90,1.028650045,0.372720957,4.872955084,17.27806091,23.552387,11128.57182,,,,,,,,,,,,,,,,,
103,120,1.19440794,0.527316093,15.08339,14.01353002,30.81864405,11176.28136,,,,,,,,,,,,,,,,,
104,3,0.720364094,0.023527861,0.000337839,21.67263699,22.41686678,10394.93838,,,,,,,,,,,,,,,,,
104,9,0.736154795,0.032466888,0.000850201,21.17091918,21.94039106,10379.27416,,,,,,,,,,,,,,,,,
104,15,0.79239893,0.040944815,0.004287004,19.83208799,20.66971874,10457.92147,,,,,,,,,,,,,,,,,
104,21,0.784685135,0.070371151,0.016672134,21.02215648,21.8938849,10444.18817,,,,,,,,,,,,,,,,,
104,27,0.806049824,0.069061995,0.040673971,12.2682333,13.18401909,10500.19909,,,,,,,,,,,,,,,,,
104,30,0.826942921,0.075031996,0.064591169,19.21866775,20.18523383,10471.73306,,,,,,,,,,,,,,,,,
104,45,0.890605927,0.155655861,0.327361107,16.53094625,17.90456915,10454.58313,,,,,,,,,,,,,,,,,
104,60,0.943453074,0.205097914,0.972882986,12.04323483,14.1646688,10529.70005,,,,,,,,,,,,,,,,,
104,90,1.038109064,0.328416824,4.865371943,11.52239394,17.75429177,10538.78964,,,,,,,,,,,,,,,,,
104,120,1.211539984,0.528120041,14.93219304,6.261424065,22.93327713,10663.19061,,,,,,,,,,,,,,,,,
105,3,0.76374197,0.010382891,0.000434875,21.8036015,22.57816124,10626.86921,,,,,,,,,,,,,,,,,
105,9,0.746618271,0.02895999,0.000982046,21.55476284,22.33132315,10671.10117,,,,,,,,,,,,,,,,,
105,15,0.794601917,0.033665895,0.004726887,21.4850173,22.318012,10685.56594,,,,,,,,,,,,,,,,,
105,21,0.807311773,0.040706158,0.016108036,15.74987102,16.61399698,10727.12645,,,,,,,,,,,,,,,,,
105,27,0.814472914,0.050212145,0.040627956,9.061109781,9.966422796,10789.55659,,,,,,,,,,,,,,,,,
105,30,0.809660912,0.101972103,0.065769911,19.43842506,20.41582799,10780.28076,,,,,,,,,,,,,,,,,
105,45,0.901451111,0.181733847,0.356716156,19.17407179,20.6139729,10752.3385,,,,,,,,,,,,,,,,,
105,60,0.931871176,0.198653221,1.036327839,13.11846876,15.285321,10868.53779,,,,,,,,,,,,,,,,,
105,90,1.086651802,0.321643114,4.883018017,7.492443085,13.78375602,10938.80115,,,,,,,,,,,,,,,,,
105,120,1.243595123,0.550325871,14.31595302,6.318273067,22.42814708,10927.33566,,,,,,,,,,,,,,,,,
106,3,0.779783726,0.011564016,0.000313997,22.02851343,22.82017517,9821.773845,,,,,,,,,,,,,,,,,
106,9,0.731699944,0.033457041,0.000838757,21.83324623,22.59924197,9856.534394,,,,,,,,,,,,,,,,,
106,15,0.772478342,0.039582968,0.004286051,20.99325871,21.80960608,9855.782969,,,,,,,,,,,,,,,,,
106,21,0.79867816,0.037558079,0.015244007,20.49840879,21.34988904,9858.988886,,,,,,,,,,,,,,,,,
106,27,0.865361929,0.045212984,0.040099144,20.46691298,21.41758704,9862.16543,,,,,,,,,,,,,,,,,
106,30,0.796601295,0.066513777,0.060440063,8.633327961,9.556883097,9939.468303,,,,,,,,,,,,,,,,,
106,45,0.886352062,0.098618984,0.29267931,11.2055614,12.48321176,9945.622984,,,,,,,,,,,,,,,,,
106,60,0.955086231,0.20166707,0.9089849,9.872557878,11.93829608,10037.27895,,,,,,,,,,,,,,,,,
106,90,1.056056023,0.353127003,5.145083904,11.92575693,18.48002386,10009.47705,,,,,,,,,,,,,,,,,
106,120,1.227827787,0.488955021,15.0302918,10.76199245,27.50906706,10013.30782,,,,,,,,,,,,,,,,,
107,3,0.758712053,0.020803213,0.000296116,22.03250933,22.81232071,9964.692122,,,,,,,,,,,,,,,,,
107,9,0.736568213,0.027173758,0.000755787,21.49609709,22.26059484,9991.869759,,,,,,,,,,,,,,,,,
107,15,0.766843796,0.04708004,0.004785299,20.67659378,21.49530292,9983.073226,,,,,,,,,,,,,,,,,
107,21,0.802855015,0.054525137,0.015234709,15.01441836,15.88703322,10012.67134,,,,,,,,,,,,,,,,,
107,27,0.814656019,0.062444687,0.04008317,15.08504605,16.00222993,10037.19465,,,,,,,,,,,,,,,,,
107,30,0.840901136,0.068538904,0.059416056,11.66996384,12.63881993,10086.70083,,,,,,,,,,,,,,,,,
107,45,0.860732794,0.117841005,0.315513849,9.789089441,11.08317709,10157.46993,,,,,,,,,,,,,,,,,
107,60,0.939188004,0.204103947,0.885884047,17.54918003,19.57835603,10095.66936,,,,,,,,,,,,,,,,,
107,90,1.06378293,0.373152018,4.471436024,14.91908503,20.827456,10116.28409,,,,,,,,,,,,,,,,,
107,120,1.248782635,0.522812128,15.04831505,14.8249774,31.64488721,10137.35599,,,,,,,,,,,,,,,,,
108,3,0.76400733,0.019928694,0.000328064,21.82032394,22.60458803,10677.4203,,,,,,,,,,,,,,,,,
108,9,0.745472908,0.043369055,0.000949144,21.39420485,22.18399596,10707.02741,,,,,,,,,,,,,,,,,
108,15,0.765883923,0.046803951,0.004921198,21.33628392,22.15389299,10704.80912,,,,,,,,,,,,,,,,,
108,21,0.786657095,0.050774097,0.01510191,20.90849018,21.76102328,10730.70086,,,,,,,,,,,,,,,,,
108,27,0.815336943,0.089310169,0.040451765,19.380795,20.32589388,10747.19101,,,,,,,,,,,,,,,,,
108,30,0.826322794,0.115449667,0.073545933,20.14321971,21.1585381,10767.50534,,,,,,,,,,,,,,,,,
108,45,0.853741884,0.169981956,0.283603907,13.60634732,14.91367507,10798.71858,,,,,,,,,,,,,,,,,
108,60,0.924607038,0.239994049,1.008461952,16.87321973,19.04628277,10847.86355,,,,,,,,,,,,,,,,,
108,90,1.101253986,0.345414877,4.660077095,15.86805892,21.97480488,10861.16753,,,,,,,,,,,,,,,,,
108,120,1.226934195,0.486917019,14.18848825,8.173138618,24.07547808,10959.60744,,,,,,,,,,,,,,,,,
109,3,0.7375772,0.010030031,0.000422001,21.38065982,22.12868905,10348.33496,,,,,,,,,,,,,,,,,
109,9,0.749915123,0.014095783,0.000709772,21.41253734,22.17725801,10378.48067,,,,,,,,,,,,,,,,,
109,15,0.777940989,0.031112909,0.004557133,20.46035194,21.27396297,10394.8806,,,,,,,,,,,,,,,,,
109,21,0.786711693,0.061671257,0.017328978,20.49164915,21.35736108,10401.3541,,,,,,,,,,,,,,,,,
109,27,0.798057318,0.046538115,0.041850805,14.62713671,15.51358294,10452.56478,,,,,,,,,,,,,,,,,
109,30,0.841642141,0.098531008,0.07336092,19.43943286,20.45296693,10452.85793,,,,,,,,,,,,,,,,,
109,45,0.883503675,0.112635851,0.316060305,13.0697782,14.38197803,10490.2022,,,,,,,,,,,,,,,,,
109,60,0.948176146,0.182725906,0.969627857,10.43558788,12.53611779,10542.61337,,,,,,,,,,,,,,,,,
109,90,1.055757046,0.316845179,4.505182981,6.891819715,12.76960492,10614.33221,,,,,,,,,,,,,,,,,
109,120,1.20390892,0.494728327,14.83133411,7.291463614,23.82143497,10625.28978,,,,,,,,,,,,,,,,,
110,3,0.745401859,0.023280144,0.000332117,21.69131517,22.46032929,10529.16414,,,,,,,,,,,,,,,,,
110,9,0.783141136,0.02315712,0.000746965,20.86150503,21.66855025,10561.47051,,,,,,,,,,,,,,,,,
110,15,0.78896904,0.051413059,0.004304171,21.40818262,22.25286889,10563.74958,,,,,,,,,,,,,,,,,
110,21,0.814301968,0.083671093,0.017326117,21.15464711,22.06994629,10583.13983,,,,,,,,,,,,,,,,,
110,27,0.828104973,0.126960039,0.051100969,21.18425393,22.19041991,10570.0961,,,,,,,,,,,,,,,,,
110,30,0.790184021,0.088367939,0.063352823,20.04389334,20.98579812,10573.03885,,,,,,,,,,,,,,,,,
110,45,0.899584055,0.133231163,0.335497856,19.28757715,20.65589023,10563.1902,,,,,,,,,,,,,,,,,
110,60,0.943079948,0.219777107,1.036041021,13.85965705,16.05855513,10639.12268,,,,,,,,,,,,,,,,,
110,90,1.067153931,0.269347906,4.329510927,7.385710239,13.051723,10719.52755,,,,,,,,,,,,,,,,,
110,120,1.23717308,0.52423501,14.26341677,7.845448256,23.87027311,10770.3034,,,,,,,,,,,,,,,,,
