seed,x_axle,Greedy Time,final_calculation_time,Total Running time,Route Cost,,,,,,
11,3,43.46018028,0.007414579,43.46759486,12430.17898,,3,40.52782422,0.00684175,40.53466597,9562.096139
11,9,39.17709303,0.006796122,39.18388915,12484.38497,,9,39.9068786,0.006761992,39.9136406,9574.6737
11,15,39.26745605,0.006796837,39.27425289,12496.64641,,15,39.89253011,0.00681834,39.89934845,9573.884085
11,21,39.25257802,0.006820679,39.2593987,12499.95138,,21,39.60432052,0.00676326,39.61108378,9571.901619
11,27,39.73034406,0.006831169,39.73717523,12502.96857,,27,39.44903106,0.006771684,39.45580275,9564.821398
11,30,39.80751514,0.006845951,39.8143611,12529.62129,,30,39.35086005,0.006733727,39.35759378,9562.703099
11,45,39.78823614,0.006870985,39.79510713,12468.55704,,45,39.29385928,0.006785989,39.30064527,9539.224908
11,60,39.60998821,0.006805897,39.61679411,12450.2242,,60,39.08772274,0.006737504,39.09446025,9513.510869
11,90,39.48742604,0.006772995,39.49419904,12382.03175,,90,38.84908836,0.006746588,38.85583495,9464.776922
11,120,39.26040697,0.008027315,39.26843429,12300.42115,,120,38.73253055,0.006644576,38.73917513,9422.279813
12,3,40.5488739,0.006868124,40.55574203,11894.17681,,,,,,
12,9,40.17411709,0.006875038,40.18099213,11887.02894,,,,,,
12,15,39.98143005,0.007046938,39.98847699,11882.10629,,,,,,
12,21,39.91111708,0.006854773,39.91797185,11885.39405,,,,,,
12,27,39.84118986,0.006937265,39.84812713,11878.90475,,,,,,
12,30,40.33872509,0.006958961,40.34568405,11895.77779,,,,,,
12,45,40.54065204,0.006887913,40.54753995,11875.9685,,,,,,
12,60,39.87705421,0.006854773,39.88390899,11857.5697,,,,,,
12,90,39.54598236,0.006779909,39.55276227,11820.64151,,,,,,
12,120,39.80846786,0.006834269,39.81530213,11811.37368,,,,,,
13,3,41.57217503,0.006904125,41.57907915,12607.20813,,,,,,
13,9,40.6349802,0.007009983,40.64199018,12606.72329,,,,,,
13,15,40.21387982,0.006872892,40.22075272,12602.34459,,,,,,
13,21,40.31944299,0.006859064,40.32630205,12608.21749,,,,,,
13,27,40.08277011,0.00704813,40.08981824,12597.79666,,,,,,
13,30,40.04928327,0.006846905,40.05613017,12592.82472,,,,,,
13,45,39.9240818,0.006838083,39.93091989,12609.42603,,,,,,
13,60,39.91883492,0.006870985,39.92570591,12578.1477,,,,,,
13,90,39.9252131,0.006830931,39.93204403,12507.20829,,,,,,
13,120,41.51705122,0.006596804,41.52364802,12460.94413,,,,,,
14,3,42.4628737,0.006771326,42.46964502,6286.746096,,,,,,
14,9,41.57937407,0.007082939,41.58645701,6298.268697,,,,,,
14,15,41.97021008,0.006981134,41.97719121,6279.885853,,,,,,
14,21,40.46119189,0.006924152,40.46811604,6296.181818,,,,,,
14,27,40.43204713,0.006977081,40.43902421,6291.295904,,,,,,
14,30,39.66138601,0.006812811,39.66819882,6305.474876,,,,,,
14,45,39.63106513,0.006939888,39.63800502,6241.557466,,,,,,
14,60,39.61412096,0.006807089,39.62092805,6215.683575,,,,,,
14,90,39.21173096,0.006596088,39.21832705,6163.39709,,,,,,
14,120,39.36056304,0.006691933,39.36725497,6153.857494,,,,,,
15,3,40.75464487,0.007118225,40.7617631,10146.93066,,,,,,
15,9,40.30590677,0.006865025,40.3127718,10150.88365,,,,,,
15,15,39.90313601,0.007075071,39.91021109,10152.58095,,,,,,
15,21,39.78344488,0.006830215,39.7902751,10113.44944,,,,,,
15,27,39.65394688,0.006901026,39.6608479,10125.52008,,,,,,
15,30,39.9342382,0.006807804,39.941046,10105.49497,,,,,,
15,45,39.70711398,0.006887913,39.71400189,10063.58796,,,,,,
15,60,39.46670699,0.006801844,39.47350883,10031.89369,,,,,,
15,90,39.47069788,0.006793976,39.47749186,9965.77418,,,,,,
15,120,39.4725492,0.006594896,39.4791441,9912.854027,,,,,,
16,3,40.56398511,0.006932974,40.57091808,11942.82543,,,,,,
16,9,39.86247396,0.006888151,39.86936212,11949.18955,,,,,,
16,15,39.92625093,0.006938219,39.93318915,11957.14471,,,,,,
16,21,39.68202806,0.006871939,39.68889999,11939.11574,,,,,,
16,27,39.815027,0.006949186,39.82197618,11927.31951,,,,,,
16,30,39.68382215,0.006943941,39.6907661,11911.88169,,,,,,
16,45,39.56570292,0.006819963,39.57252288,11898.61656,,,,,,
16,60,39.66503596,0.006817818,39.67185378,11900.96886,,,,,,
16,90,39.41906381,0.006805897,39.4258697,11835.88328,,,,,,
16,120,39.44780111,0.006773949,39.45457506,11806.86003,,,,,,
17,3,40.86727595,0.00689888,40.87417483,8337.392939,,,,,,
17,9,40.03166795,0.006855011,40.03852296,8356.605286,,,,,,
17,15,40.09492207,0.007243872,40.10216594,8357.062031,,,,,,
17,21,40.22376895,0.006875992,40.23064494,8341.507464,,,,,,
17,27,40.38312221,0.006917953,40.39004016,8327.475733,,,,,,
17,30,39.95504904,0.006994009,39.96204305,8316.624981,,,,,,
17,45,40.20816112,0.007045031,40.21520615,8274.159996,,,,,,
17,60,40.04871917,0.006804943,40.05552411,8225.791759,,,,,,
17,90,39.82346797,0.008539915,39.83200788,8170.791133,,,,,,
17,120,39.65372205,0.006770849,39.6604929,8124.981226,,,,,,
18,3,41.03615189,0.007043123,41.04319501,9558.980847,,,,,,
18,9,40.25710392,0.00717473,40.26427865,9607.933821,,,,,,
18,15,40.38999104,0.006974936,40.39696598,9591.277468,,,,,,
18,21,40.20175982,0.006900311,40.20866013,9591.358216,,,,,,
18,27,40.31613898,0.0069561,40.32309508,9595.662173,,,,,,
18,30,39.99282193,0.006821156,39.99964309,9586.997216,,,,,,
18,45,40.05202007,0.006818056,40.05883813,9507.970902,,,,,,
18,60,40.04243016,0.006942034,40.0493722,9465.510035,,,,,,
18,90,39.6319139,0.006824255,39.63873816,9388.063627,,,,,,
18,120,39.72393823,0.006777048,39.73071527,9337.288563,,,,,,
19,3,41.04849982,0.006924152,41.05542397,9630.02375,,,,,,
19,9,40.54784393,0.006962776,40.55480671,9643.84232,,,,,,
19,15,40.34200311,0.006908178,40.34891129,9632.824548,,,,,,
19,21,40.20714808,0.006910086,40.21405816,9661.425099,,,,,,
19,27,40.08014894,0.006882906,40.08703184,9664.313007,,,,,,
19,30,40.04991364,0.00687623,40.05678988,9669.623205,,,,,,
19,45,39.91838288,0.006822109,39.92520499,9647.101549,,,,,,
19,60,40.05743289,0.006793976,40.06422687,9643.721829,,,,,,
19,90,39.9191761,0.006795883,39.92597198,9620.744904,,,,,,
19,120,40.02497625,0.006878853,40.03185511,9572.425193,,,,,,
20,3,41.29233813,0.007067919,41.29940605,9704.940175,,,,,,
20,9,40.36728406,0.007070065,40.37435412,9704.436519,,,,,,
20,15,40.17753291,0.006936073,40.18446898,9708.407545,,,,,,
20,21,40.10649586,0.006991148,40.11348701,9706.598336,,,,,,
20,27,39.89461803,0.006866932,39.90148497,9700.579723,,,,,,
20,30,40.16041613,0.006847858,40.16726398,9699.746863,,,,,,
20,45,40.23538995,0.00693202,40.24232197,9671.59899,,,,,,
20,60,40.06151795,0.006931067,40.06844902,9633.391965,,,,,,
20,90,39.83258295,0.00680685,39.8393898,9569.65836,,,,,,
20,120,39.72827911,0.006596088,39.7348752,9526.585143,,,,,,
21,3,42.20714688,0.006847143,42.21399403,10100.50656,,,,,,
21,9,38.24356318,0.006377935,38.24994111,10143.00371,,,,,,
21,15,37.88593769,0.006469965,37.89240766,10175.88133,,,,,,
21,21,37.80975223,0.006546736,37.81629896,10168.49643,,,,,,
21,27,37.75883317,0.006400824,37.76523399,10164.3289,,,,,,
21,30,37.35874104,0.006467819,37.36520886,10140.40246,,,,,,
21,45,37.27019286,0.006532907,37.27672577,10119.18348,,,,,,
21,60,37.01292586,0.006366014,37.01929188,10098.33929,,,,,,
21,90,36.92198396,0.006282091,36.92826605,10030.42208,,,,,,
21,120,36.68495107,0.006237984,36.69118905,9980.605604,,,,,,
22,3,38.74402976,0.006391048,38.75042081,10461.20751,,,,,,
22,9,37.95079684,0.006689072,37.95748591,10473.00793,,,,,,
22,15,38.07161498,0.006585836,38.07820082,10487.49463,,,,,,
22,21,37.72433996,0.006646156,37.73098612,10493.36798,,,,,,
22,27,37.78833008,0.006654978,37.79498506,10454.10424,,,,,,
22,30,38.1379168,0.006668091,38.14458489,10495.95356,,,,,,
22,45,37.81451893,0.006484032,37.82100296,10466.64646,,,,,,
22,60,37.71449876,0.006707191,37.72120595,10452.747,,,,,,
22,90,37.239434,0.006458759,37.24589276,10424.64473,,,,,,
22,120,37.08471322,0.006417751,37.09113097,10370.14149,,,,,,
23,3,38.8225069,0.006566048,38.82907295,9715.795586,,,,,,
23,9,38.3111949,0.006561995,38.31775689,9714.947415,,,,,,
23,15,38.54411602,0.006509066,38.55062509,9723.485396,,,,,,
23,21,38.0979619,0.006563902,38.1045258,9735.064012,,,,,,
23,27,37.92472386,0.006578207,37.93130207,9741.609973,,,,,,
23,30,37.94320416,0.006529808,37.94973397,9709.102476,,,,,,
23,45,37.81138587,0.007663965,37.81904984,9706.257297,,,,,,
23,60,37.50040913,0.006520033,37.50692916,9635.301876,,,,,,
23,90,37.32683969,0.006493092,37.33333278,9593.095833,,,,,,
23,120,37.13030577,0.006447077,37.13675284,9553.654455,,,,,,
24,3,39.13967299,0.006680012,39.14635301,8253.132998,,,,,,
24,9,38.47486901,0.00660491,38.48147392,8262.805552,,,,,,
24,15,38.14913011,0.006572008,38.15570211,8271.989206,,,,,,
24,21,38.2643292,0.006644011,38.27097321,8265.202224,,,,,,
24,27,38.15587187,0.006593943,38.16246581,8260.246592,,,,,,
24,30,38.00172997,0.006611109,38.00834107,8252.357852,,,,,,
24,45,37.83079505,0.006541014,37.83733606,8238.823582,,,,,,
24,60,37.55058885,0.00656414,37.55715299,8185.22339,,,,,,
24,90,37.275419,0.006496906,37.2819159,8161.659795,,,,,,
24,120,37.21304798,0.006403208,37.21945119,8097.081164,,,,,,
25,3,39.01844692,0.006688833,39.02513576,9706.438211,,,,,,
25,9,38.43248582,0.006536245,38.43902206,9711.052045,,,,,,
25,15,38.23639917,0.006561995,38.24296117,9708.271081,,,,,,
25,21,38.03808618,0.006571054,38.04465723,9697.635806,,,,,,
25,27,38.01810193,0.00655508,38.02465701,9697.520702,,,,,,
25,30,38.05490589,0.006544113,38.06145,9695.611387,,,,,,
25,45,37.78061223,0.006533861,37.78714609,9689.012959,,,,,,
25,60,37.55852222,0.006518126,37.56504035,9657.183407,,,,,,
25,90,37.45195818,0.006474972,37.45843315,9634.16407,,,,,,
25,120,37.30658889,0.006455183,37.31304407,9607.136671,,,,,,
26,3,39.07467604,0.006757736,39.08143377,8446.193006,,,,,,
26,9,38.41168475,0.006602049,38.4182868,8458.912196,,,,,,
26,15,38.25680804,0.006743908,38.26355195,8463.893284,,,,,,
26,21,38.12475395,0.006590843,38.1313448,8473.209929,,,,,,
26,27,38.32831788,0.006665945,38.33498383,8452.735757,,,,,,
26,30,37.95536399,0.006574869,37.96193886,8465.608172,,,,,,
26,45,38.10413098,0.006648064,38.11077905,8449.560385,,,,,,
26,60,37.80125403,0.006509066,37.8077631,8433.517683,,,,,,
26,90,37.37309098,0.006478071,37.37956905,8395.296129,,,,,,
26,120,37.31540513,0.006456614,37.32186174,8355.207575,,,,,,
27,3,38.99496818,0.006590843,39.00155902,11923.99764,,,,,,
27,9,38.36509585,0.006573915,38.37166977,11920.9008,,,,,,
27,15,38.19600797,0.006567955,38.20257592,11931.87549,,,,,,
27,21,37.98210096,0.006561995,37.98866296,11921.9195,,,,,,
27,27,38.04140806,0.006612778,38.04802084,11915.87604,,,,,,
27,30,37.88747907,0.006584167,37.89406323,11956.50516,,,,,,
27,45,37.69931626,0.00643301,37.70574927,11898.98314,,,,,,
27,60,37.58900118,0.006554842,37.59555602,11949.65309,,,,,,
27,90,37.15679598,0.006525278,37.16332126,11886.10305,,,,,,
27,120,36.95783901,0.006280899,36.96411991,11862.31031,,,,,,
28,3,38.6599319,0.006567955,38.66649985,11978.08299,,,,,,
28,9,38.09846115,0.006613016,38.10507417,11989.12213,,,,,,
28,15,38.08350301,0.006399155,38.08990216,11985.60934,,,,,,
28,21,38.10517883,0.006600142,38.11177897,11954.92326,,,,,,
28,27,38.16063094,0.007563114,38.16819406,11945.58385,,,,,,
28,30,37.95094776,0.006545305,37.95749307,11986.57363,,,,,,
28,45,37.82653689,0.00654912,37.83308601,11953.25136,,,,,,
28,60,37.61062407,0.006459951,37.61708403,11917.91223,,,,,,
28,90,37.58056331,0.006484032,37.58704734,11836.68457,,,,,,
28,120,37.32424283,0.006386995,37.33062983,11787.90048,,,,,,
29,3,38.93261504,0.006564856,38.9391799,7103.850499,,,,,,
29,9,38.65016437,0.006605625,38.65676999,7104.175088,,,,,,
29,15,38.17192125,0.006605148,38.1785264,7109.038455,,,,,,
29,21,38.21506,0.006556988,38.22161698,7114.25438,,,,,,
29,27,38.12769604,0.006666899,38.13436294,7095.355661,,,,,,
29,30,37.91165304,0.006542921,37.91819596,7110.907273,,,,,,
29,45,37.80691504,0.006578922,37.81349397,7068.835387,,,,,,
29,60,37.75086594,0.006618977,37.75748491,7074.818366,,,,,,
29,90,37.40085483,0.006538868,37.40739369,7036.683958,,,,,,
29,120,37.38775396,0.00641489,37.39416885,7004.108291,,,,,,
30,3,39.16719508,0.006561041,39.17375612,9211.579727,,,,,,
30,9,38.39204621,0.006546974,38.39859319,9202.89211,,,,,,
30,15,38.30550194,0.006576061,38.312078,9188.441344,,,,,,
30,21,38.23000598,0.006563902,38.23656988,9208.979291,,,,,,
30,27,38.09124207,0.006578207,38.09782028,9203.329452,,,,,,
30,30,38.03196287,0.006689072,38.03865194,9166.123691,,,,,,
30,45,38.00598407,0.00640893,38.012393,9161.651,,,,,,
30,60,37.61838126,0.006532907,37.62491417,9140.949218,,,,,,
30,90,37.31046486,0.006491184,37.31695604,9095.347853,,,,,,
30,120,37.10254526,0.006299973,37.10884523,9063.989996,,,,,,
31,3,38.65981293,0.006550074,38.666363,9264.029421,,,,,,
31,9,38.18689919,0.006439924,38.19333911,9257.775658,,,,,,
31,15,38.03085423,0.006401062,38.03725529,9267.088284,,,,,,
31,21,37.95532608,0.006597996,37.96192408,9278.314908,,,,,,
31,27,37.94194388,0.006581068,37.94852495,9281.38014,,,,,,
31,30,38.08203387,0.006704092,38.08873796,9289.806588,,,,,,
31,45,38.00556016,0.006628752,38.01218891,9250.961162,,,,,,
31,60,37.67984295,0.006567955,37.6864109,9258.236083,,,,,,
31,90,37.31205106,0.006517887,37.31856894,9161.852317,,,,,,
31,120,37.36738896,0.006411076,37.37380004,9108.612582,,,,,,
32,3,39.34604287,0.006570101,39.35261297,10035.17843,,,,,,
32,9,38.77518415,0.006614208,38.78179836,10050.01842,,,,,,
32,15,38.82685995,0.006675959,38.83353591,10050.9423,,,,,,
32,21,38.90324092,0.00661397,38.90985489,10044.6032,,,,,,
32,27,38.17716098,0.00654912,38.1837101,10047.61018,,,,,,
32,30,38.55870795,0.006577969,38.56528592,10037.4222,,,,,,
32,45,38.05291009,0.00661397,38.05952406,10022.38701,,,,,,
32,60,37.70725989,0.006582022,37.71384192,9998.132063,,,,,,
32,90,37.48838997,0.006583929,37.4949739,9938.074904,,,,,,
32,120,37.223104,0.006418228,37.22952223,9886.066014,,,,,,
33,3,39.23707008,0.006579876,39.24364996,7766.6962,,,,,,
33,9,38.52726507,0.006705999,38.53397107,7734.989273,,,,,,
33,15,38.12425494,0.00656414,38.13081908,7748.585654,,,,,,
33,21,38.16841292,0.006554842,38.17496777,7723.165091,,,,,,
33,27,38.13047814,0.006541014,38.13701916,7751.72011,,,,,,
33,30,37.91727591,0.00657773,37.92385364,7761.732968,,,,,,
33,45,38.09127975,0.006658077,38.09793782,7697.673279,,,,,,
33,60,37.81186104,0.00655508,37.81841612,7683.710313,,,,,,
33,90,37.39525509,0.006506681,37.40176177,7600.4649,,,,,,
33,120,37.30011916,0.006409883,37.30652905,7558.001651,,,,,,
34,3,38.97650194,0.006613016,38.98311496,8262.518402,,,,,,
34,9,38.27974033,0.006578922,38.28631926,8262.847057,,,,,,
34,15,38.20579314,0.006572723,38.21236587,8239.924434,,,,,,
34,21,38.01237607,0.006433964,38.01881003,8235.681417,,,,,,
34,27,37.98854971,0.006588221,37.99513793,8223.453534,,,,,,
34,30,37.94169807,0.006556034,37.94825411,8220.227344,,,,,,
34,45,37.71376085,0.006494045,37.7202549,8190.016051,,,,,,
34,60,37.4761138,0.00655818,37.48267198,8172.686315,,,,,,
34,90,37.32440329,0.006327868,37.33073115,8137.376161,,,,,,
34,120,37.16003203,0.006431818,37.16646385,8098.21906,,,,,,
35,3,39.02991605,0.006614923,39.03653097,11760.11318,,,,,,
35,9,38.27464604,0.006583214,38.28122926,11764.41542,,,,,,
35,15,38.16691589,0.006631136,38.17354703,11730.43681,,,,,,
35,21,38.20634508,0.00658083,38.21292591,11698.98651,,,,,,
35,27,38.32422113,0.006578922,38.33080006,11689.41314,,,,,,
35,30,38.0232811,0.006546974,38.02982807,11694.86762,,,,,,
35,45,37.95812702,0.006573915,37.96470094,11652.15958,,,,,,
35,60,37.67353296,0.006559372,37.68009233,11625.82453,,,,,,
35,90,37.59910727,0.006553888,37.60566115,11564.7057,,,,,,
35,120,37.38171577,0.006438971,37.38815475,11519.08758,,,,,,
36,3,39.02918792,0.006585121,39.03577304,9858.785266,,,,,,
36,9,38.44510484,0.006590128,38.45169497,9887.739723,,,,,,
36,15,38.25552702,0.006592751,38.26211977,9883.579832,,,,,,
36,21,38.19394302,0.006571054,38.20051408,9917.263276,,,,,,
36,27,38.28901196,0.006704807,38.29571676,9908.730701,,,,,,
36,30,38.11531401,0.006571054,38.12188506,9871.453765,,,,,,
36,45,37.94961524,0.006567955,37.9561832,9877.180913,,,,,,
36,60,37.79690075,0.006572008,37.80347276,9814.12142,,,,,,
36,90,37.43759179,0.006518841,37.44411063,9754.090907,,,,,,
36,120,37.325351,0.006402016,37.33175302,9699.010597,,,,,,
37,3,39.76250029,0.006597757,39.76909804,11448.85331,,,,,,
37,9,38.55833983,0.006645203,38.56498504,11475.66631,,,,,,
37,15,38.1964612,0.006500721,38.20296192,11476.65732,,,,,,
37,21,38.13188601,0.00655818,38.13844419,11460.69289,,,,,,
37,27,38.01796031,0.006598949,38.02455926,11448.3996,,,,,,
37,30,37.97645903,0.006587029,37.98304605,11449.54413,,,,,,
37,45,37.896945,0.006594181,37.90353918,11436.0035,,,,,,
37,60,37.51368189,0.006529093,37.52021098,11421.8114,,,,,,
37,90,37.36404037,0.006525755,37.37056613,11382.60295,,,,,,
37,120,37.20019579,0.006421089,37.20661688,11331.988,,,,,,
38,3,38.78399992,0.006621122,38.79062104,7984.294581,,,,,,
38,9,38.38813615,0.006618977,38.39475513,7949.20734,,,,,,
38,15,38.3389051,0.007009983,38.34591508,7946.65893,,,,,,
38,21,38.18530202,0.006603003,38.19190502,7940.239014,,,,,,
38,27,38.51143217,0.006522894,38.51795506,7935.223638,,,,,,
38,30,38.11269903,0.006597042,38.11929607,7935.375083,,,,,,
38,45,37.98440218,0.006598949,37.99100113,7930.30634,,,,,,
38,60,37.84584594,0.006492138,37.85233808,7906.898495,,,,,,
38,90,37.55116391,0.006502151,37.55766606,7909.897044,,,,,,
38,120,37.35378504,0.006438971,37.36022401,7885.107528,,,,,,
39,3,39.10699821,0.006590843,39.11358905,9698.779472,,,,,,
39,9,38.44596577,0.006608248,38.45257401,9678.461178,,,,,,
39,15,38.33680511,0.006580114,38.34338522,9658.802973,,,,,,
39,21,38.20289588,0.006569147,38.20946503,9654.735548,,,,,,
39,27,38.09109688,0.007880211,38.09897709,9630.272186,,,,,,
39,30,37.98103499,0.006556749,37.98759174,9619.441329,,,,,,
39,45,37.99330783,0.006562948,37.99987078,9599.511985,,,,,,
39,60,37.83768177,0.006577253,37.84425902,9567.314955,,,,,,
39,90,37.48877883,0.006546021,37.49532485,9551.583401,,,,,,
39,120,37.2117269,0.006481171,37.21820807,9501.02749,,,,,,
40,3,39.06356192,0.006618261,39.07018018,8874.096197,,,,,,
40,9,38.42722082,0.00663805,38.43385887,8902.996224,,,,,,
40,15,38.23541784,0.006607056,38.2420249,8904.187466,,,,,,
40,21,38.10434079,0.006587029,38.11092782,8903.880734,,,,,,
40,27,38.06682611,0.006576061,38.07340217,8897.118337,,,,,,
40,30,37.93719602,0.006555796,37.94375181,8881.635886,,,,,,
40,45,37.91999888,0.006561041,37.92655993,8873.807142,,,,,,
40,60,37.84387612,0.006561041,37.85043716,8863.309904,,,,,,
40,90,37.35446501,0.006567955,37.36103296,8812.419892,,,,,,
40,120,37.31005001,0.006417274,37.31646729,8777.140673,,,,,,
41,3,39.05677176,0.008756161,39.06552792,9589.51679,,,,,,
41,9,38.300488,0.00656414,38.30705214,9568.563414,,,,,,
41,15,38.30454779,0.006615162,38.31116295,9572.829956,,,,,,
41,21,38.36959791,0.006605148,38.37620306,9557.610245,,,,,,
41,27,38.238904,0.006561995,38.24546599,9549.762748,,,,,,
41,30,38.15654778,0.006565094,38.16311288,9563.670075,,,,,,
41,45,38.02273488,0.006592035,38.02932692,9543.404245,,,,,,
41,60,37.76225805,0.006624937,37.76888299,9535.355749,,,,,,
41,90,38.24264598,0.007517099,38.25016308,9495.34056,,,,,,
41,120,37.79306221,0.006551981,37.79961419,9458.223617,,,,,,
42,3,39.56678486,0.006704092,39.57348895,10360.89114,,,,,,
42,9,38.9597528,0.006691217,38.96644402,10367.30635,,,,,,
42,15,38.70268202,0.006605148,38.70928717,10373.5778,,,,,,
42,21,38.39565015,0.006582975,38.40223312,10370.30327,,,,,,
42,27,38.38201594,0.006579161,38.3885951,10370.74149,,,,,,
42,30,38.41484022,0.00668788,38.4215281,10352.3592,,,,,,
42,45,38.49805498,0.006651878,38.50470686,10374.72435,,,,,,
42,60,37.8282578,0.006577253,37.83483505,10374.35666,,,,,,
42,90,37.35896015,0.006494045,37.3654542,10335.52282,,,,,,
42,120,37.34986782,0.00644803,37.35631585,10266.13256,,,,,,
43,3,39.08021188,0.006569862,39.08678174,9216.099103,,,,,,
43,9,38.44656205,0.00660181,38.45316386,9216.129019,,,,,,
43,15,38.30082393,0.006618977,38.3074429,9242.38199,,,,,,
43,21,38.10686898,0.006587982,38.11345696,9246.532947,,,,,,
43,27,38.14358401,0.006645679,38.15022969,9225.588964,,,,,,
43,30,38.07561398,0.006603003,38.08221698,9218.681058,,,,,,
43,45,37.99423695,0.006606817,38.00084376,9189.575977,,,,,,
43,60,37.70064497,0.006552219,37.70719719,9165.492555,,,,,,
43,90,37.54554987,0.006551027,37.5521009,9095.461054,,,,,,
43,120,37.48701692,0.006507158,37.49352407,9070.885516,,,,,,
44,3,39.04412603,0.006566763,39.0506928,9433.594826,,,,,,
44,9,38.37482595,0.006582975,38.38140893,9454.583098,,,,,,
44,15,38.2045579,0.006589174,38.21114707,9442.982878,,,,,,
44,21,38.2268889,0.006574154,38.23346305,9455.091901,,,,,,
44,27,38.02774286,0.006567955,38.03431082,9443.95883,,,,,,
44,30,38.06304693,0.006546736,38.06959367,9426.914084,,,,,,
44,45,37.9704268,0.006571054,37.97699785,9435.896195,,,,,,
44,60,37.65539002,0.006505966,37.66189599,9404.276991,,,,,,
44,90,37.52606797,0.006495953,37.53256392,9367.540736,,,,,,
44,120,37.38656688,0.006401062,37.39296794,9311.479178,,,,,,
45,3,39.05419087,0.006566763,39.06075764,5695.665403,,,,,,
45,9,38.39189816,0.006607771,38.39850593,5743.656527,,,,,,
45,15,38.59687805,0.00667882,38.60355687,5753.043438,,,,,,
45,21,38.03347778,0.00654912,38.0400269,5760.510447,,,,,,
45,27,38.05908298,0.006581068,38.06566405,5732.327635,,,,,,
45,30,38.05047107,0.006562948,38.05703402,5729.487072,,,,,,
45,45,37.96571684,0.006623983,37.97234082,5686.631558,,,,,,
45,60,37.78742766,0.006563187,37.79399085,5654.968677,,,,,,
45,90,37.34619212,0.00651598,37.3527081,5614.269437,,,,,,
45,120,37.23425031,0.006419897,37.2406702,5611.890307,,,,,,
46,3,38.89255595,0.006559134,38.89911509,10183.71639,,,,,,
46,9,38.28745627,0.006568909,38.29402518,10229.37621,,,,,,
46,15,38.26753211,0.006602049,38.27413416,10240.50945,,,,,,
46,21,38.14042068,0.006553173,38.14697385,10240.91131,,,,,,
46,27,38.02340508,0.006568909,38.02997398,10224.9598,,,,,,
46,30,37.93657303,0.006569147,37.94314218,10206.52371,,,,,,
46,45,37.92870307,0.006617785,37.93532085,10168.99549,,,,,,
46,60,37.66663694,0.006585836,37.67322278,10124.6071,,,,,,
46,90,37.45680308,0.006535053,37.46333814,10036.52549,,,,,,
46,120,37.37839603,0.006402969,37.384799,9990.387108,,,,,,
47,3,38.97061706,0.006603003,38.97722006,10723.5686,,,,,,
47,9,38.39223814,0.006605625,38.39884377,10734.93131,,,,,,
47,15,38.19342399,0.006597996,38.20002198,10744.86669,,,,,,
47,21,38.1472249,0.00661397,38.15383887,10722.64106,,,,,,
47,27,38.22249699,0.006633043,38.22913003,10716.65656,,,,,,
47,30,38.11154032,0.006596804,38.11813712,10687.37635,,,,,,
47,45,37.97609687,0.006561995,37.98265886,10695.42625,,,,,,
47,60,37.93136001,0.006554842,37.93791485,10681.00101,,,,,,
47,90,37.50200415,0.006554842,37.50855899,10658.10762,,,,,,
47,120,37.49045491,0.006464005,37.49691892,10630.6571,,,,,,
48,3,39.33216,0.006555796,39.33871579,7100.130008,,,,,,
48,9,38.35261202,0.006546974,38.35915899,7089.104133,,,,,,
48,15,38.26823187,0.006635904,38.27486777,7087.373904,,,,,,
48,21,38.19177198,0.006560087,38.19833207,7082.885758,,,,,,
48,27,38.02251887,0.006588936,38.02910781,7086.623008,,,,,,
48,30,38.20971394,0.006578922,38.21629286,7086.247385,,,,,,
48,45,38.00593996,0.006571054,38.01251101,7027.273392,,,,,,
48,60,37.69395304,0.006546736,37.70049977,6984.527416,,,,,,
48,90,37.41064501,0.006500006,37.41714501,6976.800459,,,,,,
48,120,37.24886608,0.006438732,37.25530481,6945.540335,,,,,,
49,3,38.96192932,0.006736755,38.96866608,9786.310339,,,,,,
49,9,38.33570099,0.006562948,38.34226394,9787.659732,,,,,,
49,15,38.2745049,0.006580114,38.28108501,9800.319064,,,,,,
49,21,38.14894414,0.006572962,38.1555171,9805.281711,,,,,,
49,27,38.02788782,0.006579161,38.03446698,9812.804374,,,,,,
49,30,38.00732994,0.006565809,38.01389575,9815.409933,,,,,,
49,45,37.84505534,0.006594658,37.85165,9796.503137,,,,,,
49,60,37.69933891,0.006561041,37.70589995,9794.425321,,,,,,
49,90,37.50178576,0.006929159,37.50871491,9743.705623,,,,,,
49,120,37.42819691,0.006441355,37.43463826,9670.774972,,,,,,
50,3,39.03224397,0.006567717,39.03881168,9457.338174,,,,,,
50,9,38.63729787,0.006610155,38.64390802,9472.931577,,,,,,
50,15,38.27931595,0.006598949,38.2859149,9471.527939,,,,,,
50,21,38.12211275,0.006596088,38.12870884,9480.753017,,,,,,
50,27,38.30391908,0.006655931,38.31057501,9462.831823,,,,,,
50,30,38.07929087,0.006603003,38.08589387,9460.847,,,,,,
50,45,38.05801988,0.006720066,38.06473994,9437.706193,,,,,,
50,60,38.0385952,0.006581068,38.04517627,9411.525182,,,,,,
50,90,37.73338175,0.006561041,37.73994279,9364.388473,,,,,,
50,120,37.26313806,0.006403208,37.26954126,9322.584167,,,,,,
51,3,51.70194697,0.009387016,51.71133399,9068.840375,,,,,,
51,9,57.6492579,0.00919199,57.65844989,9054.41523,,,,,,
51,15,67.75984621,0.010800838,67.77064705,9048.524086,,,,,,
51,21,52.23632693,0.006652117,52.24297905,9040.677578,,,,,,
51,27,39.46460509,0.00668788,39.47129297,9087.752168,,,,,,
51,30,39.09168887,0.006616116,39.09830499,9067.373859,,,,,,
51,45,39.07987499,0.006630898,39.08650589,9066.056932,,,,,,
51,60,38.78230715,0.006707907,38.78901505,9035.869308,,,,,,
51,90,38.66485381,0.00663805,38.67149186,8999.100358,,,,,,
51,120,38.63964891,0.008105993,38.64775491,8971.23312,,,,,,
52,3,40.00451922,0.006669044,40.01118827,10942.32115,,,,,,
52,9,39.54330802,0.006685257,39.54999328,10983.21757,,,,,,
52,15,39.39059877,0.006642103,39.39724088,10978.68723,,,,,,
52,21,39.22855997,0.006672859,39.23523283,10980.52597,,,,,,
52,27,39.10341883,0.006604195,39.11002302,10972.24106,,,,,,
52,30,38.9958179,0.00658989,39.00240779,10955.37198,,,,,,
52,45,38.89645696,0.006609917,38.90306687,10927.44765,,,,,,
52,60,38.75299311,0.006593943,38.75958705,10894.94523,,,,,,
52,90,38.86886096,0.006777287,38.87563825,10825.61623,,,,,,
52,120,38.47086096,0.006535053,38.47739601,10766.63569,,,,,,
53,3,40.20008087,0.006843328,40.2069242,9750.30826,,,,,,
53,9,39.7682271,0.006679058,39.77490616,9780.451893,,,,,,
53,15,39.5644033,0.006620884,39.57102418,9782.862682,,,,,,
53,21,39.33828998,0.006608009,39.34489799,9780.208661,,,,,,
53,27,39.38532615,0.006649017,39.39197516,9768.244143,,,,,,
53,30,39.1491611,0.006793976,39.15595508,9759.820521,,,,,,
53,45,39.26014113,0.006694794,39.26683593,9736.122562,,,,,,
53,60,39.02571011,0.006671906,39.03238201,9704.949143,,,,,,
53,90,38.76092196,0.00684309,38.76776505,9640.245004,,,,,,
53,120,38.65972805,0.008553028,38.66828108,9587.081841,,,,,,
54,3,40.34256601,0.006597996,40.34916401,10602.57115,,,,,,
54,9,39.8126421,0.006784916,39.81942701,10616.11003,,,,,,
54,15,39.71135783,0.00899601,39.72035384,10600.20558,,,,,,
54,21,39.80739713,0.006647825,39.81404495,10595.70478,,,,,,
54,27,39.63525391,0.006795168,39.64204907,10588.84378,,,,,,
54,30,39.72095013,0.006889105,39.72783923,10579.58532,,,,,,
54,45,39.56631279,0.006812096,39.57312489,10548.52777,,,,,,
54,60,39.48701501,0.006746054,39.49376106,10532.17957,,,,,,
54,90,39.35275722,0.006762981,39.3595202,10495.15379,,,,,,
54,120,39.15496898,0.006569862,39.16153884,10460.78815,,,,,,
55,3,40.72558188,0.006633997,40.73221588,10097.18417,,,,,,
55,9,40.12180781,0.006744146,40.12855196,10107.94047,,,,,,
55,15,40.20798302,0.006851196,40.21483421,10080.10568,,,,,,
55,21,39.7755959,0.006790876,39.78238678,10082.20124,,,,,,
55,27,39.87939405,0.006869793,39.88626385,10073.43526,,,,,,
55,30,39.75104403,0.006598949,39.75764298,10070.64027,,,,,,
55,45,39.68727493,0.006639004,39.69391394,10045.52486,,,,,,
55,60,39.4764092,0.006564856,39.48297405,9992.624189,,,,,,
55,90,39.26830006,0.006577969,39.27487803,9931.713041,,,,,,
55,120,39.10929012,0.006569862,39.11585999,9890.535148,,,,,,
56,3,40.89829302,0.006771803,40.90506482,6999.701316,,,,,,
56,9,40.38691497,0.006644011,40.39355898,7006.935443,,,,,,
56,15,40.30983901,0.006840944,40.31667995,7003.137693,,,,,,
56,21,40.15910792,0.006839991,40.16594791,7015.124246,,,,,,
56,27,40.25254202,0.006895065,40.25943708,7016.108933,,,,,,
56,30,39.98183894,0.006696939,39.98853588,6970.631188,,,,,,
56,45,39.98095512,0.006901979,39.9878571,6991.568261,,,,,,
56,60,39.80975509,0.006626129,39.81638122,6921.261602,,,,,,
56,90,39.38802218,0.006697893,39.39472008,6904.05972,,,,,,
56,120,39.34431505,0.006650925,39.35096598,6865.192937,,,,,,
57,3,41.19136119,0.006911993,41.19827318,8056.244453,,,,,,
57,9,40.4646709,0.006853819,40.47152472,8083.068463,,,,,,
57,15,40.45425892,0.00692606,40.46118498,8069.390621,,,,,,
57,21,40.11832809,0.006784916,40.12511301,8089.236616,,,,,,
57,27,40.07469893,0.00693202,40.08163095,8046.877693,,,,,,
57,30,40.00720692,0.00689292,40.01409984,8047.870378,,,,,,
57,45,40.116436,0.006700993,40.123137,8078.823052,,,,,,
57,60,39.92434597,0.006917953,39.93126392,8037.904487,,,,,,
57,90,39.46185112,0.006744862,39.46859598,7987.359911,,,,,,
57,120,39.21480918,0.006621838,39.22143102,7926.896957,,,,,,
58,3,40.82204819,0.00702405,40.82907224,11178.39038,,,,,,
58,9,40.18811917,0.00676775,40.19488692,11203.71472,,,,,,
58,15,40.18497586,0.006603956,40.19157982,11197.49972,,,,,,
58,21,40.07294011,0.00680685,40.07974696,11203.60251,,,,,,
58,27,39.99481606,0.006784678,40.00160074,11209.42674,,,,,,
58,30,39.89791775,0.00676322,39.90468097,11224.51628,,,,,,
58,45,39.92713189,0.006759882,39.93389177,11171.67492,,,,,,
58,60,39.6261909,0.006788254,39.63297915,11179.31088,,,,,,
58,90,39.47409415,0.006762028,39.48085618,11099.18242,,,,,,
58,120,39.27540684,0.006650209,39.28205705,11037.28953,,,,,,
59,3,40.74469876,0.006793976,40.75149274,9871.354709,,,,,,
59,9,40.32899094,0.006804228,40.33579516,9865.182739,,,,,,
59,15,40.44163322,0.006840944,40.44847417,9869.04805,,,,,,
59,21,40.22461867,0.006788015,40.23140669,9835.929641,,,,,,
59,27,40.14293599,0.006829023,40.14976501,9824.416892,,,,,,
59,30,40.06275725,0.006746769,40.06950402,9859.422861,,,,,,
59,45,39.9253571,0.006813765,39.93217087,9832.0382,,,,,,
59,60,39.92377877,0.006711006,39.93048978,9829.655272,,,,,,
59,90,39.57407212,0.00661993,39.58069205,9785.459227,,,,,,
59,120,39.50797987,0.006610155,39.51459002,9741.89503,,,,,,
60,3,40.84317207,0.006797791,40.84996986,12871.28883,,,,,,
60,9,40.35549068,0.006814957,40.36230564,12879.34228,,,,,,
60,15,40.20349979,0.006814003,40.2103138,12879.95539,,,,,,
60,21,40.04008794,0.006803989,40.04689193,12877.0577,,,,,,
60,27,40.04508615,0.006778717,40.05186486,12874.38154,,,,,,
60,30,39.8606081,0.006795645,39.86740375,12870.50246,,,,,,
60,45,39.9691968,0.006846189,39.97604299,12872.29778,,,,,,
60,60,39.68454385,0.006779194,39.69132304,12849.60659,,,,,,
60,90,39.42160106,0.006744146,39.4283452,12798.59223,,,,,,
60,120,39.17363,0.006693125,39.18032312,12741.98559,,,,,,
61,3,40.95815492,0.006834984,40.9649899,7878.772524,,,,,,
61,9,40.35986781,0.006804943,40.36667275,7883.264101,,,,,,
61,15,40.13045073,0.006855249,40.13730597,7877.346956,,,,,,
61,21,39.98804021,0.006725788,39.994766,7874.103755,,,,,,
61,27,40.06716514,0.00672698,40.07389212,7876.079655,,,,,,
61,30,39.90936494,0.006682873,39.91604781,7878.626259,,,,,,
61,45,39.931638,0.006675959,39.93831396,7858.725146,,,,,,
61,60,39.69702196,0.00681901,39.70384097,7855.199172,,,,,,
61,90,39.46862698,0.006771803,39.47539878,7830.077115,,,,,,
61,120,39.34118986,0.006733894,39.34792376,7807.052006,,,,,,
62,3,40.91533995,0.00675416,40.92209411,8124.388619,,,,,,
62,9,40.3478961,0.006865978,40.35476208,8142.88945,,,,,,
62,15,40.79029298,0.006921053,40.79721403,8131.073663,,,,,,
62,21,40.203578,0.006891966,40.21046996,8140.468219,,,,,,
62,27,40.22291303,0.006932974,40.229846,8113.117628,,,,,,
62,30,39.99759007,0.006859779,40.00444984,8112.457715,,,,,,
62,45,39.94671631,0.006711721,39.95342803,8077.821816,,,,,,
62,60,39.68489099,0.008857965,39.69374895,8016.694462,,,,,,
62,90,39.48423409,0.006624937,39.49085903,7971.501152,,,,,,
62,120,39.33123422,0.006759882,39.3379941,7934.61744,,,,,,
63,3,41.09749007,0.006636858,41.10412693,9349.514695,,,,,,
63,9,40.0936079,0.006616116,40.10022402,9375.022028,,,,,,
63,15,40.14393902,0.006613016,40.15055203,9358.751143,,,,,,
63,21,39.99761987,0.006762981,40.00438285,9347.149576,,,,,,
63,27,40.20255995,0.006904125,40.20946407,9331.259436,,,,,,
63,30,39.84506106,0.006623983,39.85168505,9355.352014,,,,,,
63,45,39.98079729,0.006801844,39.98759913,9293.501303,,,,,,
63,60,39.50879812,0.00679493,39.51559305,9282.901316,,,,,,
63,90,39.6448791,0.006789923,39.65166903,9225.477097,,,,,,
63,120,39.25214982,0.00668025,39.25883007,9172.752577,,,,,,
64,3,40.88908505,0.006876945,40.895962,11596.66076,,,,,,
64,9,40.19427299,0.006672144,40.20094514,11614.84884,,,,,,
64,15,40.10619378,0.006842136,40.11303592,11638.46099,,,,,,
64,21,39.84863424,0.006786108,39.85542035,11652.99395,,,,,,
64,27,40.08858228,0.00686574,40.09544802,11661.22454,,,,,,
64,30,40.01240182,0.006853342,40.01925516,11659.83504,,,,,,
64,45,39.86934686,0.006669044,39.8760159,11656.49273,,,,,,
64,60,39.56374002,0.006803989,39.570544,11627.44555,,,,,,
64,90,39.40805507,0.006763935,39.414819,11533.47176,,,,,,
64,120,39.17419028,0.0066607,39.18085098,11458.55148,,,,,,
65,3,40.95206809,0.006829977,40.95889807,9803.21622,,,,,,
65,9,40.32289195,0.00668335,40.3295753,9820.457384,,,,,,
65,15,40.17752504,0.0067029,40.18422794,9820.165405,,,,,,
65,21,40.05293417,0.00688076,40.05981493,9822.777579,,,,,,
65,27,40.18091702,0.006793976,40.187711,9813.11327,,,,,,
65,30,39.92700624,0.006814003,39.93382025,9803.226435,,,,,,
65,45,39.87237191,0.00666213,39.87903404,9800.952705,,,,,,
65,60,39.70033813,0.006784678,39.7071228,9769.907415,,,,,,
65,90,39.51297212,0.006711721,39.51968384,9709.732971,,,,,,
65,120,39.36681485,0.006696224,39.37351108,9663.125238,,,,,,
66,3,40.83490896,0.006762266,40.84167123,9332.374699,,,,,,
66,9,40.26405597,0.006812096,40.27086806,9331.750971,,,,,,
66,15,40.26849198,0.006779909,40.27527189,9324.762959,,,,,,
66,21,40.14609098,0.006719828,40.15281081,9335.896935,,,,,,
66,27,40.07574797,0.006943941,40.08269191,9319.214328,,,,,,
66,30,39.87281299,0.006798029,39.87961102,9318.687512,,,,,,
66,45,39.98397613,0.006762981,39.99073911,9302.964289,,,,,,
66,60,39.81713009,0.006803036,39.82393312,9278.491555,,,,,,
66,90,39.46843219,0.006742001,39.47517419,9231.281413,,,,,,
66,120,39.35926199,0.006665945,39.36592793,9167.655667,,,,,,
67,3,40.86940384,0.006806135,40.87620997,8236.6637,,,,,,
67,9,40.29476094,0.00679493,40.30155587,8243.451813,,,,,,
67,15,40.29362893,0.006793976,40.30042291,8249.550183,,,,,,
67,21,40.16419888,0.006822824,40.1710217,8254.235062,,,,,,
67,27,39.98509097,0.006788015,39.99187899,8244.438687,,,,,,
67,30,39.91811514,0.00671792,39.92483306,8208.210156,,,,,,
67,45,39.97535205,0.009154081,39.98450613,8164.169448,,,,,,
67,60,39.72018504,0.006826878,39.72701192,8162.29606,,,,,,
67,90,39.60473013,0.006785154,39.61151528,8115.952814,,,,,,
67,120,39.56315589,0.006811142,39.56996703,8071.492271,,,,,,
68,3,41.04030991,0.006821871,41.04713178,9805.65481,,,,,,
68,9,40.51574898,0.006840229,40.52258921,9832.445437,,,,,,
68,15,40.27144885,0.006808996,40.27825785,9823.211604,,,,,,
68,21,40.07515168,0.006849051,40.08200073,9814.463871,,,,,,
68,27,40.12902308,0.006804943,40.13582802,9825.297294,,,,,,
68,30,40.00409389,0.006803989,40.01089787,9806.463779,,,,,,
68,45,39.90141392,0.00681591,39.90822983,9801.857739,,,,,,
68,60,39.75809503,0.006900072,39.7649951,9763.423294,,,,,,
68,90,39.58307505,0.006771088,39.58984613,9709.154919,,,,,,
68,120,39.30533791,0.006673813,39.31201172,9689.920832,,,,,,
69,3,40.92917204,0.006810188,40.93598223,8186.265835,,,,,,
69,9,40.36595488,0.006689072,40.37264395,8200.038679,,,,,,
69,15,40.17861986,0.006830931,40.18545079,8232.197763,,,,,,
69,21,40.12938023,0.006827831,40.13620806,8239.581862,,,,,,
69,27,40.06414628,0.006796122,40.0709424,8240.195122,,,,,,
69,30,39.88013625,0.00676465,39.8869009,8225.551826,,,,,,
69,45,39.85630512,0.00682497,39.86313009,8226.73893,,,,,,
69,60,39.69020081,0.006782055,39.69698286,8180.203508,,,,,,
69,90,39.29199791,0.006742954,39.29874086,8149.69696,,,,,,
69,120,39.28723526,0.006606102,39.29384136,8117.672622,,,,,,
70,3,40.88924408,0.006982088,40.89622617,10864.19721,,,,,,
70,9,40.35729694,0.006905079,40.36420202,10868.33263,,,,,,
70,15,40.20042109,0.006633997,40.20705509,10866.62551,,,,,,
70,21,40.15937686,0.006830215,40.16620708,10853.3223,,,,,,
70,27,40.04361105,0.006830931,40.05044198,10850.18294,,,,,,
70,30,39.94411111,0.006757975,39.95086908,10809.32147,,,,,,
70,45,39.95419979,0.006863117,39.96106291,10798.75564,,,,,,
70,60,39.68878794,0.006783962,39.6955719,10789.54051,,,,,,
70,90,39.50604796,0.0066998,39.51274776,10759.09001,,,,,,
70,120,39.45293093,0.00672102,39.45965195,10710.7746,,,,,,
71,3,40.98854685,0.006783009,40.99532986,8914.763818,,,,,,
71,9,40.29198313,0.006842852,40.29882598,8925.787483,,,,,,
71,15,40.16959715,0.006820917,40.17641807,8940.936238,,,,,,
71,21,40.14971495,0.006812096,40.15652704,8948.623824,,,,,,
71,27,39.98135877,0.006805897,39.98816466,8933.051988,,,,,,
71,30,39.91645408,0.006694078,39.92314816,8958.048982,,,,,,
71,45,39.90871501,0.006737232,39.91545224,8933.91423,,,,,,
71,60,39.63730693,0.006827116,39.64413404,8874.875609,,,,,,
71,90,39.3958981,0.006759882,39.40265799,8810.237262,,,,,,
71,120,39.30480909,0.006837845,39.31164694,8760.693224,,,,,,
72,3,40.88511395,0.00684309,40.89195704,10701.61931,,,,,,
72,9,40.32165504,0.006823063,40.3284781,10722.59006,,,,,,
72,15,40.20826602,0.006628036,40.21489406,10726.80338,,,,,,
72,21,39.98260117,0.006826878,39.98942804,10729.08869,,,,,,
72,27,40.01911092,0.006808043,40.02591896,10724.8031,,,,,,
72,30,40.09952617,0.006788015,40.10631418,10740.08073,,,,,,
72,45,39.92044902,0.006870747,39.92731977,10674.6887,,,,,,
72,60,39.77906299,0.006676912,39.7857399,10677.1847,,,,,,
72,90,39.42384815,0.006764889,39.43061304,10615.97961,,,,,,
72,120,39.29684401,0.00658679,39.3034308,10568.81215,,,,,,
73,3,40.79746103,0.006803751,40.80426478,11862.4594,,,,,,
73,9,40.44311976,0.006838083,40.44995785,11872.94762,,,,,,
73,15,40.20864582,0.006829262,40.21547508,11882.71287,,,,,,
73,21,40.21342421,0.006870031,40.22029424,11867.30427,,,,,,
73,27,40.13717604,0.006818056,40.14399409,11877.18714,,,,,,
73,30,40.07241869,0.007426262,40.07984495,11845.04252,,,,,,
73,45,40.20823097,0.006916046,40.21514702,11873.1693,,,,,,
73,60,39.95193315,0.006866932,39.95880008,11831.54353,,,,,,
73,90,39.67403913,0.006747961,39.68078709,11798.91605,,,,,,
73,120,39.23896909,0.006686926,39.24565601,11769.89689,,,,,,
74,3,40.99038315,0.008073092,40.99845624,8900.68023,,,,,,
74,9,40.45716691,0.006821156,40.46398807,8908.314667,,,,,,
74,15,40.15576315,0.006797791,40.16256094,8917.076342,,,,,,
74,21,40.2562449,0.007590055,40.26383495,8919.115079,,,,,,
74,27,40.25844693,0.006723166,40.2651701,8908.965323,,,,,,
74,30,39.94012308,0.006797075,39.94692016,8905.368107,,,,,,
74,45,39.82947993,0.006789207,39.83626914,8856.666652,,,,,,
74,60,39.76450086,0.006798983,39.77129984,8866.105468,,,,,,
74,90,39.38417196,0.006737947,39.39090991,8821.3112,,,,,,
74,120,39.33613586,0.00668788,39.34282374,8791.67589,,,,,,
75,3,40.96566796,0.006785154,40.97245312,11494.51103,,,,,,
75,9,40.36043906,0.006798983,40.36723804,11475.67796,,,,,,
75,15,40.25704885,0.006839991,40.26388884,11481.18113,,,,,,
75,21,40.14320707,0.006829023,40.1500361,11461.26153,,,,,,
75,27,40.07430196,0.006723166,40.08102512,11453.9297,,,,,,
75,30,39.99033284,0.006700039,39.99703288,11446.23857,,,,,,
75,45,39.93554378,0.006806135,39.94234991,11437.94016,,,,,,
75,60,39.70272708,0.006787062,39.70951414,11403.43925,,,,,,
75,90,39.45518994,0.006737232,39.46192718,11370.8668,,,,,,
75,120,39.42097807,0.006573915,39.42755198,11325.30491,,,,,,
76,3,40.80376005,0.006675243,40.8104353,10149.00687,,,,,,
76,9,40.37957573,0.006761074,40.3863368,10178.24266,,,,,,
76,15,40.26697183,0.006806135,40.27377796,10166.33305,,,,,,
76,21,40.08388305,0.006731033,40.09061408,10175.8595,,,,,,
76,27,40.04778481,0.00684309,40.0546279,10167.43383,,,,,,
76,30,39.96621299,0.006813049,39.97302604,10155.44464,,,,,,
76,45,39.82254195,0.006658077,39.82920003,10161.84905,,,,,,
76,60,39.69832802,0.00679493,39.70512295,10140.54884,,,,,,
76,90,39.57093811,0.006747961,39.57768607,10117.16476,,,,,,
76,120,39.48769093,0.006769896,39.49446082,10085.58208,,,,,,
77,3,41.03380203,0.00683713,41.04063916,9252.108777,,,,,,
77,9,40.29112196,0.006784916,40.29790688,9291.418625,,,,,,
77,15,40.12782001,0.00668478,40.1345048,9294.031928,,,,,,
77,21,40.12679505,0.008397102,40.13519216,9293.176115,,,,,,
77,27,39.9990201,0.006787062,40.00580716,9280.522505,,,,,,
77,30,40.00068116,0.006869078,40.00755024,9253.05266,,,,,,
77,45,39.91201591,0.006814957,39.91883087,9257.915556,,,,,,
77,60,39.69934011,0.006747961,39.70608807,9197.3055,,,,,,
77,90,39.55725074,0.006672144,39.56392288,9127.894718,,,,,,
77,120,39.254318,0.006664991,39.26098299,9072.777438,,,,,,
78,3,41.07367396,0.006779909,41.08045387,6502.458111,,,,,,
78,9,40.39506721,0.006706953,40.40177417,6506.8268,,,,,,
78,15,40.15747309,0.006772995,40.16424608,6487.825719,,,,,,
78,21,40.08150458,0.007820129,40.08932471,6490.178231,,,,,,
78,27,40.06379986,0.00680995,40.07060981,6463.899346,,,,,,
78,30,39.98828483,0.006806135,39.99509096,6465.815139,,,,,,
78,45,39.95666099,0.006733179,39.96339417,6449.401566,,,,,,
78,60,39.79732394,0.006778002,39.80410194,6412.709225,,,,,,
78,90,39.5592649,0.006769896,39.56603479,6374.298066,,,,,,
78,120,39.26027298,0.006637096,39.26691008,6331.212386,,,,,,
79,3,40.93998504,0.006748915,40.94673395,11110.43194,,,,,,
79,9,40.28596306,0.006753922,40.29271698,11135.82349,,,,,,
79,15,40.25455594,0.00680995,40.26136589,11125.22685,,,,,,
79,21,40.19393897,0.006650209,40.20058918,11107.49056,,,,,,
79,27,40.18190193,0.006823063,40.18872499,11105.36668,,,,,,
79,30,39.98465991,0.006813049,39.99147296,11147.63568,,,,,,
79,45,39.8953321,0.006860971,39.90219307,11092.3263,,,,,,
79,60,39.68196797,0.006774187,39.68874216,11086.79851,,,,,,
79,90,39.52213311,0.006829023,39.52896214,11019.89501,,,,,,
79,120,39.42144084,0.006713152,39.42815399,10940.48573,,,,,,
80,3,40.87249279,0.006831169,40.87932396,9741.091518,,,,,,
80,9,40.25808382,0.006798029,40.26488185,9764.232948,,,,,,
80,15,40.21344995,0.007626057,40.22107601,9769.829841,,,,,,
80,21,40.1447289,0.006798029,40.15152693,9763.094957,,,,,,
80,27,40.03170204,0.006735086,40.03843713,9761.573329,,,,,,
80,30,40.09632111,0.006774902,40.10309601,9729.96678,,,,,,
80,45,39.92387414,0.006799221,39.93067336,9713.611772,,,,,,
80,60,39.75076628,0.006777048,39.75754333,9666.908524,,,,,,
80,90,39.44223094,0.007987022,39.45021796,9615.26139,,,,,,
80,120,39.22641611,0.006658792,39.2330749,9556.69396,,,,,,
81,3,41.03936505,0.006803989,41.04616904,8095.341378,,,,,,
81,9,40.45002818,0.006836891,40.45686507,8108.813141,,,,,,
81,15,40.26129198,0.00685811,40.26815009,8103.872042,,,,,,
81,21,40.1987021,0.006811142,40.20551324,8092.061225,,,,,,
81,27,40.07833409,0.0069139,40.08524799,8104.242998,,,,,,
81,30,40.0166893,0.006771803,40.0234611,8107.429631,,,,,,
81,45,39.935426,0.006797075,39.94222307,8082.212311,,,,,,
81,60,39.71138787,0.006790161,39.71817803,8051.059411,,,,,,
81,90,39.43470526,0.006832838,39.4415381,7994.253439,,,,,,
81,120,39.253021,0.006663084,39.25968409,7939.488413,,,,,,
82,3,40.93088818,0.0067029,40.93759108,12625.0229,,,,,,
82,9,40.44951391,0.006767988,40.4562819,12644.05572,,,,,,
82,15,40.11790371,0.006799221,40.12470293,12667.25305,,,,,,
82,21,40.02059317,0.006787777,40.02738094,12698.31523,,,,,,
82,27,40.00351501,0.006806135,40.01032114,12691.19512,,,,,,
82,30,39.88392997,0.006835222,39.89076519,12695.19189,,,,,,
82,45,39.90385699,0.00679183,39.91064882,12650.80652,,,,,,
82,60,39.74050426,0.006818771,39.74732304,12622.28059,,,,,,
82,90,39.43179417,0.006794691,39.43858886,12561.1497,,,,,,
82,120,39.35131812,0.006667137,39.35798526,12517.52964,,,,,,
83,3,40.91958666,0.00680232,40.92638898,7998.577111,,,,,,
83,9,40.30963182,0.006854296,40.31648612,8009.362395,,,,,,
83,15,40.12095785,0.006816149,40.127774,8004.076128,,,,,,
83,21,40.06349421,0.00690794,40.07040215,8003.691658,,,,,,
83,27,39.96521902,0.006818056,39.97203708,7985.243428,,,,,,
83,30,39.86751008,0.006701708,39.87421179,8003.431688,,,,,,
83,45,39.839715,0.006831884,39.84654689,7963.151471,,,,,,
83,60,39.58059692,0.00680232,39.58739924,7929.395964,,,,,,
83,90,39.27017808,0.006659985,39.27683806,7874.628393,,,,,,
83,120,39.25250483,0.006530046,39.25903487,7832.591386,,,,,,
84,3,40.70296907,0.006803036,40.70977211,8703.482726,,,,,,
84,9,40.28386998,0.006694078,40.29056406,8702.801156,,,,,,
84,15,40.43584585,0.007052183,40.44289804,8729.41947,,,,,,
84,21,40.28680611,0.006902933,40.29370904,8728.810298,,,,,,
84,27,40.24092221,0.006825924,40.24774814,8723.919703,,,,,,
84,30,40.34710717,0.006723642,40.35383081,8717.345122,,,,,,
84,45,40.04850721,0.006817102,40.05532432,8690.042477,,,,,,
84,60,39.75778484,0.006783247,39.76456809,8676.414584,,,,,,
84,90,39.48367095,0.006781101,39.49045205,8648.024936,,,,,,
84,120,39.45874405,0.006690979,39.46543503,8608.916463,,,,,,
85,3,41.03790593,0.006783962,41.04468989,8326.785211,,,,,,
85,9,40.60488105,0.006901979,40.61178303,8342.668532,,,,,,
85,15,40.11468697,0.006670952,40.12135792,8334.440334,,,,,,
85,21,39.98488998,0.006718159,39.99160814,8331.177059,,,,,,
85,27,39.91022611,0.006814957,39.91704106,8316.50837,,,,,,
85,30,39.89402604,0.006805897,39.90083194,8292.482223,,,,,,
85,45,39.80977607,0.006805897,39.81658196,8262.608014,,,,,,
85,60,39.66221189,0.006886005,39.6690979,8216.549008,,,,,,
85,90,39.43868113,0.006882906,39.44556403,8150.981548,,,,,,
85,120,39.31497121,0.006682873,39.32165408,8109.758575,,,,,,
86,3,40.87626791,0.006862164,40.88313007,8467.49629,,,,,,
86,9,40.34517622,0.006752014,40.35192823,8509.939338,,,,,,
86,15,40.08144474,0.006793976,40.08823872,8508.669612,,,,,,
86,21,39.9771049,0.006824017,39.98392892,8496.560549,,,,,,
86,27,39.97628474,0.006789923,39.98307467,8493.93451,,,,,,
86,30,39.81629896,0.006805897,39.82310486,8499.932985,,,,,,
86,45,39.90438509,0.006818056,39.91120315,8450.187112,,,,,,
86,60,39.62717175,0.006670237,39.63384199,8414.263971,,,,,,
86,90,39.25999379,0.006731033,39.26672482,8354.978808,,,,,,
86,120,39.18396711,0.00658083,39.19054794,8312.616819,,,,,,
87,3,40.94516397,0.006961823,40.95212579,8057.938956,,,,,,
87,9,40.29568315,0.006669998,40.30235314,8114.191313,,,,,,
87,15,40.19050026,0.00681591,40.19731617,8066.198834,,,,,,
87,21,40.11027622,0.006720066,40.11699629,8074.162637,,,,,,
87,27,40.00476527,0.006803989,40.01156926,8065.454323,,,,,,
87,30,39.89628625,0.006819725,39.90310597,8067.52979,,,,,,
87,45,39.88487291,0.006803989,39.8916769,8044.226814,,,,,,
87,60,39.61017084,0.006786108,39.61695695,8024.991346,,,,,,
87,90,39.32579207,0.006670952,39.33246303,7945.42102,,,,,,
87,120,39.25591397,0.006772041,39.26268601,7954.576001,,,,,,
88,3,40.83999491,0.006854057,40.84684896,10214.28368,,,,,,
88,9,40.23893404,0.006659985,40.24559402,10235.61969,,,,,,
88,15,40.18183231,0.006795645,40.18862796,10255.57337,,,,,,
88,21,39.89139724,0.00680995,39.89820719,10257.53968,,,,,,
88,27,40.07492805,0.006827116,40.08175516,10237.23026,,,,,,
88,30,39.78380275,0.00662303,39.79042578,10237.31812,,,,,,
88,45,39.78235316,0.00680685,39.78916001,10199.57811,,,,,,
88,60,39.66568184,0.006679058,39.6723609,10132.03984,,,,,,
88,90,39.38979506,0.006756067,39.39655113,10056.36849,,,,,,
88,120,39.30040884,0.006697893,39.30710673,10011.03199,,,,,,
89,3,40.77557802,0.00679183,40.78236985,10058.32882,,,,,,
89,9,40.33916903,0.006800175,40.3459692,10076.90243,,,,,,
89,15,40.22886515,0.006784916,40.23565006,10059.25115,,,,,,
89,21,40.0610528,0.00666523,40.06771803,10064.11085,,,,,,
89,27,39.96449828,0.00682497,39.97132325,10055.89244,,,,,,
89,30,40.00224686,0.006808996,40.00905585,10067.58203,,,,,,
89,45,39.84672379,0.006719112,39.85344291,10038.46097,,,,,,
89,60,39.72692299,0.006783962,39.73370695,10050.45928,,,,,,
89,90,39.54126382,0.006791115,39.54805493,10021.00161,,,,,,
89,120,39.37146592,0.006740093,39.37820601,9965.122114,,,,,,
90,3,40.88778281,0.006796122,40.89457893,9467.05651,,,,,,
90,9,40.29704595,0.006829739,40.30387568,9487.514361,,,,,,
90,15,40.34761286,0.006767988,40.35438085,9464.386475,,,,,,
90,21,40.16807199,0.006773949,40.17484593,9492.631376,,,,,,
90,27,40.13398695,0.006814003,40.14080095,9433.38053,,,,,,
90,30,40.02317405,0.006783009,40.02995706,9426.473957,,,,,,
90,45,39.97090578,0.006816149,39.97772193,9385.131818,,,,,,
90,60,39.83790779,0.006798029,39.84470582,9356.317029,,,,,,
90,90,39.45427608,0.006750107,39.46102619,9302.733888,,,,,,
90,120,39.32863164,0.00666213,39.33529377,9277.73082,,,,,,
91,3,41.01652503,0.006840229,41.02336526,9587.164493,,,,,,
91,9,40.23234892,0.006814003,40.23916292,9605.021214,,,,,,
91,15,40.084342,0.006844997,40.091187,9584.965494,,,,,,
91,21,40.08768988,0.006824017,40.09451389,9569.234005,,,,,,
91,27,39.97343898,0.006845951,39.98028493,9569.270829,,,,,,
91,30,39.98625994,0.006831169,39.99309111,9546.062193,,,,,,
91,45,39.93432212,0.006813765,39.94113588,9546.362494,,,,,,
91,60,39.66987777,0.00681591,39.67669368,9525.2917,,,,,,
91,90,39.44914317,0.006770134,39.45591331,9493.63839,,,,,,
91,120,39.28192687,0.00664711,39.28857398,9437.542033,,,,,,
92,3,40.89964318,0.00680089,40.90644407,10270.11148,,,,,,
92,9,40.38439703,0.006810188,40.39120722,10281.33365,,,,,,
92,15,40.25994015,0.006810904,40.26675105,10273.08342,,,,,,
92,21,40.11798978,0.006855965,40.12484574,10273.43261,,,,,,
92,27,40.05656219,0.006676912,40.0632391,10278.17902,,,,,,
92,30,40.04722095,0.006812334,40.05403328,10274.4893,,,,,,
92,45,39.91407895,0.006644964,39.92072392,10261.6912,,,,,,
92,60,39.6509409,0.006796122,39.65773702,10234.92412,,,,,,
92,90,39.44889522,0.006608963,39.45550418,10189.39817,,,,,,
92,120,39.43392992,0.006701708,39.44063163,10161.57549,,,,,,
93,3,40.85614085,0.006739855,40.86288071,7621.807442,,,,,,
93,9,40.28594708,0.006678104,40.29262519,7632.567233,,,,,,
93,15,40.18603086,0.006796122,40.19282699,7633.707238,,,,,,
93,21,40.15483022,0.006833076,40.16166329,7624.618579,,,,,,
93,27,40.01263404,0.006834984,40.01946902,7619.657135,,,,,,
93,30,39.93462586,0.006795883,39.94142175,7592.958398,,,,,,
93,45,39.97083592,0.006826162,39.97766209,7590.700478,,,,,,
93,60,39.757442,0.006824017,39.76426601,7545.366937,,,,,,
93,90,39.50818491,0.006737232,39.51492214,7505.339752,,,,,,
93,120,39.32415271,0.006609201,39.33076191,7449.477829,,,,,,
94,3,41.05725098,0.006795168,41.06404614,10494.42974,,,,,,
94,9,40.5840342,0.006879807,40.59091401,10505.30891,,,,,,
94,15,40.36260724,0.006652832,40.36926007,10475.13102,,,,,,
94,21,40.27668095,0.006618023,40.28329897,10470.1432,,,,,,
94,27,40.13681293,0.006643057,40.14345598,10443.79853,,,,,,
94,30,39.91835904,0.006710052,39.92506909,10478.75322,,,,,,
94,45,39.89073896,0.006879091,39.89761806,10426.29913,,,,,,
94,60,39.75961113,0.006816149,39.76642728,10426.46292,,,,,,
94,90,39.57245088,0.006663322,39.5791142,10349.47623,,,,,,
94,120,39.45692277,0.006694317,39.46361709,10296.87307,,,,,,
95,3,41.13741827,0.006793976,41.14421225,8825.85051,,,,,,
95,9,40.29588795,0.006597042,40.30248499,8854.410978,,,,,,
95,15,40.08568382,0.006800175,40.092484,8857.657015,,,,,,
95,21,40.05372,0.006684065,40.06040406,8860.203384,,,,,,
95,27,40.0661509,0.00668788,40.07283878,8844.284455,,,,,,
95,30,39.90600801,0.006787777,39.91279578,8844.641911,,,,,,
95,45,39.87554693,0.006834984,39.88238192,8831.762862,,,,,,
95,60,39.61545277,0.006785154,39.62223792,8796.143637,,,,,,
95,90,39.36931491,0.006757975,39.37607288,8761.667608,,,,,,
95,120,39.283952,0.006696939,39.29064894,8713.03627,,,,,,
96,3,40.94316411,0.009145737,40.95230985,9513.984959,,,,,,
96,9,40.31355691,0.006778955,40.32033587,9502.435895,,,,,,
96,15,40.22474504,0.006819963,40.231565,9544.066416,,,,,,
96,21,40.15041804,0.006680965,40.15709901,9513.138165,,,,,,
96,27,40.06414485,0.006890059,40.07103491,9519.331014,,,,,,
96,30,40.19197416,0.006955862,40.19893003,9524.877334,,,,,,
96,45,39.93796515,0.006831169,39.94479632,9494.309176,,,,,,
96,60,39.73393893,0.006818056,39.74075699,9473.40034,,,,,,
96,90,39.51425838,0.008517742,39.52277613,9438.348553,,,,,,
96,120,39.40897894,0.006572008,39.41555095,9389.985664,,,,,,
97,3,40.91158509,0.006681204,40.9182663,9991.156707,,,,,,
97,9,40.36247683,0.006761312,40.36923814,9999.657989,,,,,,
97,15,40.22452998,0.006812811,40.23134279,10012.31017,,,,,,
97,21,40.11635995,0.006683826,40.12304378,10017.94504,,,,,,
97,27,40.06946325,0.006820917,40.07628417,9992.733951,,,,,,
97,30,40.01334977,0.006803036,40.02015281,10000.83335,,,,,,
97,45,39.88528514,0.006814003,39.89209914,9984.894615,,,,,,
97,60,39.76120925,0.006649733,39.76785898,9966.398712,,,,,,
97,90,39.51496387,0.006790161,39.52175403,9916.660206,,,,,,
97,120,39.28245807,0.006625891,39.28908396,9885.294189,,,,,,
98,3,41.07792091,0.006789207,41.08471012,9815.312456,,,,,,
98,9,40.26860118,0.006808996,40.27541018,9865.281129,,,,,,
98,15,40.10189915,0.0067451,40.10864425,9861.74237,,,,,,
98,21,40.06096196,0.00685811,40.06782007,9831.178625,,,,,,
98,27,40.1007669,0.006725073,40.10749197,9817.393829,,,,,,
98,30,39.96148682,0.00682497,39.96831179,9825.795482,,,,,,
98,45,39.94736886,0.006705046,39.95407391,9728.449312,,,,,,
98,60,39.76076388,0.00681591,39.76757979,9689.042756,,,,,,
98,90,39.40513635,0.006784916,39.41192126,9639.229258,,,,,,
98,120,39.32006192,0.006698132,39.32676005,9592.705371,,,,,,
99,3,41.11915708,0.006859064,41.12601614,5351.22804,,,,,,
99,9,40.42004895,0.006817102,40.42686605,5382.396583,,,,,,
99,15,40.30443692,0.006762028,40.31119895,5381.545279,,,,,,
99,21,39.9936502,0.006834984,40.00048518,5383.918773,,,,,,
99,27,40.1543529,0.006749868,40.16110277,5374.263456,,,,,,
99,30,39.88193607,0.00668478,39.88862085,5366.018045,,,,,,
99,45,39.90922999,0.006808043,39.91603804,5356.042236,,,,,,
99,60,39.75243783,0.006814241,39.75925207,5316.197182,,,,,,
99,90,39.32015109,0.00672698,39.32687807,5273.01373,,,,,,
99,120,39.36153817,0.006680727,39.3682189,5246.905611,,,,,,
100,3,40.97887897,0.006664276,40.98554325,10008.95755,,,,,,
100,9,40.31754613,0.006664038,40.32421017,10012.5426,,,,,,
100,15,40.25512385,0.006835938,40.26195979,10000.30358,,,,,,
100,21,40.11349487,0.006685972,40.12018085,9983.70186,,,,,,
100,27,40.03129911,0.006845951,40.03814507,9971.204172,,,,,,
100,30,39.95010519,0.006808758,39.95691395,9975.65173,,,,,,
100,45,39.96305895,0.006731987,39.96979094,9970.849814,,,,,,
100,60,39.73023295,0.006824017,39.73705697,9942.338192,,,,,,
100,90,39.53425479,0.006586075,39.54084086,9918.669901,,,,,,
100,120,39.42507696,0.006711721,39.43178868,9890.010158,,,,,,
101,3,40.86696696,0.006810188,40.87377715,8288.698483,,,,,,
101,9,40.30323195,0.006813765,40.31004572,8293.8845,,,,,,
101,15,40.24780703,0.006827831,40.25463486,8289.716881,,,,,,
101,21,40.04849911,0.006829977,40.05532908,8289.406411,,,,,,
101,27,40.08713484,0.006825924,40.09396076,8282.510148,,,,,,
101,30,39.92776489,0.006818771,39.93458366,8273.056469,,,,,,
101,45,39.80547404,0.006843805,39.81231785,8265.950329,,,,,,
101,60,39.69209599,0.00688386,39.69897985,8235.722691,,,,,,
101,90,39.49303794,0.006609917,39.49964786,8194.094452,,,,,,
101,120,39.27071834,0.006699085,39.27741742,8188.716494,,,,,,
102,3,40.95818686,0.006814003,40.96500087,8281.364427,,,,,,
102,9,40.34609509,0.006790876,40.35288596,8307.109622,,,,,,
102,15,40.14275503,0.006649733,40.14940476,8303.281488,,,,,,
102,21,39.95880818,0.006750822,39.96555901,8310.114844,,,,,,
102,27,40.00717902,0.006828785,40.01400781,8278.179914,,,,,,
102,30,39.86106491,0.006650925,39.86771584,8285.091599,,,,,,
102,45,39.87416601,0.006803036,39.88096905,8250.088495,,,,,,
102,60,39.68570995,0.006834984,39.69254494,8243.939832,,,,,,
102,90,39.51694798,0.006757259,39.52370524,8219.159699,,,,,,
102,120,39.34854293,0.006608248,39.35515118,8208.660335,,,,,,
103,3,40.85634995,0.00682497,40.86317492,10408.53781,,,,,,
103,9,40.28158498,0.00679183,40.28837681,10430.1532,,,,,,
103,15,40.05938196,0.00692606,40.06630802,10428.65887,,,,,,
103,21,40.03847289,0.006710052,40.04518294,10421.35435,,,,,,
103,27,40.07317472,0.00681901,40.07999372,10424.2578,,,,,,
103,30,39.85505009,0.006805897,39.86185598,10437.00025,,,,,,
103,45,39.88930511,0.006835938,39.89614105,10389.87138,,,,,,
103,60,39.64373207,0.006793976,39.65052605,10335.01898,,,,,,
103,90,39.37530494,0.006785154,39.38209009,10253.15152,,,,,,
103,120,39.28226995,0.00666213,39.28893209,10197.78924,,,,,,
104,3,41.12982607,0.006844997,41.13667107,9479.375003,,,,,,
104,9,40.51913595,0.006927013,40.52606297,9488.414089,,,,,,
104,15,40.40075207,0.006665945,40.40741801,9474.269308,,,,,,
104,21,40.15708613,0.006818771,40.16390491,9463.677896,,,,,,
104,27,40.04256916,0.006823778,40.04939294,9460.373797,,,,,,
104,30,39.96380591,0.006832123,39.97063804,9453.130343,,,,,,
104,45,39.95637512,0.006865025,39.96324015,9463.731738,,,,,,
104,60,39.79467082,0.006803989,39.80147481,9422.495066,,,,,,
104,90,39.65586591,0.00684309,39.662709,9391.175849,,,,,,
104,120,39.41301227,0.006726027,39.41973829,9330.860985,,,,,,
105,3,40.78191495,0.006793976,40.78870893,10130.6271,,,,,,
105,9,40.26630092,0.006803274,40.27310419,10150.42731,,,,,,
105,15,40.23434997,0.006702185,40.24105215,10148.9401,,,,,,
105,21,39.99222517,0.006826878,39.99905205,10153.8483,,,,,,
105,27,39.9628191,0.006821871,39.96964097,10157.07393,,,,,,
105,30,39.87302494,0.006745815,39.87977076,10174.07069,,,,,,
105,45,39.77876925,0.006825924,39.78559518,10117.19419,,,,,,
105,60,39.67007995,0.006792068,39.67687201,10127.64861,,,,,,
105,90,39.43221879,0.006765127,39.43898392,10061.02561,,,,,,
105,120,39.274055,0.006531,39.280586,10022.91058,,,,,,
106,3,40.86755395,0.006857157,40.87441111,9503.29897,,,,,,
106,9,40.3142159,0.006852865,40.32106876,9501.320981,,,,,,
106,15,40.232373,0.006829977,40.23920298,9497.123615,,,,,,
106,21,40.19762778,0.006811142,40.20443892,9498.895955,,,,,,
106,27,40.16285706,0.00681901,40.16967607,9498.910417,,,,,,
106,30,39.94991612,0.006813765,39.95672989,9490.617543,,,,,,
106,45,39.92738605,0.006663084,39.93404913,9492.038784,,,,,,
106,60,39.59058809,0.006626129,39.59721422,9480.774264,,,,,,
106,90,39.43675804,0.007964849,39.44472289,9504.576608,,,,,,
106,120,39.2393229,0.006723881,39.24604678,9447.052916,,,,,,
107,3,40.92157412,0.006829739,40.92840385,9348.253465,,,,,,
107,9,40.23736501,0.006733894,40.2440989,9376.995142,,,,,,
107,15,40.05040598,0.006822109,40.05722809,9357.451928,,,,,,
107,21,40.11343598,0.00684309,40.12027907,9334.423359,,,,,,
107,27,39.94638515,0.00677681,39.95316195,9359.466886,,,,,,
107,30,39.91244698,0.006801844,39.91924882,9368.384527,,,,,,
107,45,39.88036728,0.006822824,39.8871901,9333.132651,,,,,,
107,60,39.72952795,0.006798029,39.73632598,9322.120537,,,,,,
107,90,39.32036519,0.00681901,39.3271842,9277.789452,,,,,,
107,120,39.24473691,0.006714821,39.25145173,9250.363141,,,,,,
108,3,41.27587676,0.006817102,41.28269386,10421.47359,,,,,,
108,9,40.36143708,0.006762981,40.36820006,10424.48143,,,,,,
108,15,40.14184999,0.00682497,40.14867496,10455.68038,,,,,,
108,21,40.14888287,0.00679493,40.1556778,10450.41945,,,,,,
108,27,40.00061011,0.006832838,40.00744295,10432.49562,,,,,,
108,30,39.93779302,0.006893635,39.94468665,10437.32354,,,,,,
108,45,39.95947695,0.008869886,39.96834683,10400.42106,,,,,,
108,60,39.65978289,0.006798267,39.66658115,10363.56476,,,,,,
108,90,39.50529408,0.006746769,39.51204085,10293.81182,,,,,,
108,120,39.3383069,0.006571054,39.34487796,10248.47999,,,,,,
109,3,40.72153807,0.006640196,40.72817826,9575.399464,,,,,,
109,9,40.33227181,0.006706953,40.33897877,9553.062374,,,,,,
109,15,40.28104711,0.006844997,40.2878921,9551.718387,,,,,,
109,21,40.04505396,0.006713152,40.05176711,9553.686631,,,,,,
109,27,40.11855292,0.006710052,40.12526298,9560.764232,,,,,,
109,30,40.00276279,0.006793022,40.00955582,9559.649686,,,,,,
109,45,39.94835401,0.006817102,39.95517111,9559.933429,,,,,,
109,60,39.68872499,0.006786108,39.6955111,9527.23031,,,,,,
109,90,39.54723716,0.006605864,39.55384302,9485.990813,,,,,,
109,120,39.29109597,0.006734848,39.29783082,9461.029411,,,,,,
110,3,40.89374304,0.006677866,40.9004209,10092.85996,,,,,,
110,9,40.37194204,0.006798983,40.37874103,10095.48063,,,,,,
110,15,40.20496273,0.006746054,40.21170878,10097.85775,,,,,,
110,21,40.0139029,0.006779909,40.02068281,10100.96904,,,,,,
110,27,40.03633308,0.006639957,40.04297304,10096.30082,,,,,,
110,30,39.97753596,0.006758928,39.98429489,10114.78967,,,,,,
110,45,39.86511588,0.006817102,39.87193298,10091.92304,,,,,,
110,60,39.7002461,0.006793976,39.70704007,10050.27501,,,,,,
110,90,39.52160931,0.006766796,39.5283761,10009.16313,,,,,,
110,120,39.27060199,0.006683826,39.27728581,9960.524244,,,,,,
