seed,x_axle,Tree Construction Time,PD Initialization Time,PD Solve Time,Route time,Total Time,Route Cost,,,,,,,,
11,3,0.725031853,0.019695997,0.000338793,1.798724413,2.543791056,16513.27492,,3,0.752338438,0.018305447,0.000377805,1.707074122,2.478095813,13140.42053
11,9,0.759757042,0.034744978,0.000733137,1.776401758,2.571636915,16537.49234,,9,0.752271521,0.029205375,0.000818882,1.713301804,2.495597582,13144.1408
11,15,0.789563894,0.046154022,0.004748106,1.776394129,2.616860151,16552.27735,,15,0.776175988,0.044079976,0.004772465,1.719629288,2.544657717,13167.63347
11,21,0.793905973,0.053447008,0.016204119,1.784751892,2.648308992,16575.18043,,21,0.799140472,0.05827317,0.016478209,1.721257024,2.595148876,13174.42988
11,27,0.813393831,0.060415983,0.040150881,1.778457403,2.692418098,16569.74348,,27,0.815195913,0.075422306,0.043857021,1.722649598,2.657124839,13182.25633
11,30,0.802689075,0.099076748,0.064689875,1.78010726,2.746562958,16746.95257,,30,0.826230893,0.086518984,0.064794924,1.727758479,2.70530328,13203.79775
11,45,0.885843992,0.105440855,0.334282875,1.804997444,3.130565166,16577.69603,,45,0.882687232,0.131385508,0.318348475,1.736254079,3.068675294,13215.76383
11,60,0.951214075,0.237796307,1.058520079,1.825241566,4.072772026,16819.6116,,60,0.946673851,0.199549417,0.980799127,1.751367195,3.87838959,13257.03537
11,90,1.082452059,0.304085016,4.829278946,1.828472853,8.044288874,16792.96694,,90,1.07063957,0.336554375,4.82040323,1.767119968,7.994717143,13293.07716
11,120,1.240072012,0.482794046,15.37355876,1.890384912,18.98680973,16817.36883,,120,1.21976388,0.524046955,14.89175956,1.78720819,18.42277859,13351.73703
12,3,0.737160206,0.025224924,0.000538826,1.718241692,2.481165648,16164.79516,,,,,,,,
12,9,0.753832102,0.044267654,0.001116276,1.700533152,2.499749184,16212.09796,,,,,,,4884.048872,
12,15,0.824833632,0.062100887,0.006464005,1.675649166,2.569047689,16198.4638,,,,,,,4.884048872,
12,21,0.78656888,0.076953173,0.018985033,1.740572929,2.623080015,16194.17666,,,,,,,,
12,27,0.794732094,0.085526228,0.047718048,1.689040661,2.617017031,16212.90141,,,,,,,,
12,30,0.8020401,0.083395004,0.06275773,1.722200155,2.67039299,16341.99331,,,,,,,,
12,45,0.871795177,0.209128857,0.355684996,1.703380108,3.139989138,16246.87301,,,,,,,,
12,60,0.948078871,0.144986153,0.907435179,1.710502625,3.711002827,16294.17085,,,,,,,,
12,90,1.075567722,0.331320047,4.543161154,1.724617004,7.674665928,16460.59744,,,,,,,,
12,120,1.211973906,0.525225878,14.20968699,1.741179228,17.68806601,16472.37382,,,,,,,,
13,3,0.739573956,0.020057917,0.000333071,1.878905058,2.638870001,16948.04672,,,,,,,,
13,9,0.742192745,0.024016142,0.000740767,1.893562555,2.660512209,16943.34605,,,,,,,,
13,15,0.783296108,0.022519827,0.004327297,1.886817932,2.696961164,16934.94884,,,,,,,,
13,21,0.794034243,0.029729128,0.015474319,1.889781475,2.729019165,16948.81195,,,,,,,,
13,27,0.796815157,0.036995173,0.039075851,1.879884005,2.752770185,16954.48743,,,,,,,,
13,30,0.813196898,0.044630051,0.062638044,1.897955894,2.818420887,16916.11056,,,,,,,,
13,45,0.94068408,0.159774303,0.335203886,1.907568693,3.343230963,17052.65443,,,,,,,,
13,60,0.928175926,0.109661818,0.949826717,1.913405657,3.901070118,16987.68903,,,,,,,,
13,90,1.053707123,0.286720991,4.901301861,1.917551994,8.159281969,17235.50123,,,,,,,,
13,120,1.226984262,0.459443092,15.16062284,1.947740793,18.79479098,17278.73489,,,,,,,,
14,3,0.736655951,0.011168957,0.000396729,1.604712486,2.352934122,9106.136026,,,,,,,,
14,9,0.75893569,0.044132233,0.001050949,1.604999304,2.409118176,9070.185158,,,,,,,,
14,15,0.734920979,0.044016838,0.00433898,1.609831095,2.393107891,9108.793582,,,,,,,,
14,21,0.771178007,0.046019793,0.018960953,1.594602346,2.430761099,9031.228395,,,,,,,,
14,27,0.803233147,0.063919067,0.043941975,1.60230279,2.513396978,9019.986781,,,,,,,,
14,30,0.832771778,0.072811127,0.062670231,1.60679698,2.575050116,9159.267602,,,,,,,,
14,45,0.850195885,0.125260115,0.31370306,1.611357689,2.900516748,9089.020169,,,,,,,,
14,60,0.951215029,0.220145941,1.008724928,1.624661684,3.804747581,9166.555785,,,,,,,,
14,90,1.091829062,0.342473984,5.046868801,1.659347057,8.140518904,9182.889266,,,,,,,,
14,120,1.216917038,0.513704062,15.48689795,1.682512999,18.90003204,9205.333668,,,,,,,,
15,3,0.726677179,0.024381876,0.00064683,1.707634211,2.459340096,13834.37853,,,,,,,,
15,9,0.752273083,0.025590897,0.000874996,1.712814808,2.491553783,13804.23423,,,,,,,,
15,15,0.754264116,0.026460171,0.004754782,1.706796885,2.492275953,13837.49148,,,,,,,,
15,21,0.803710938,0.059751749,0.014983892,1.720077753,2.598524332,13869.23132,,,,,,,,
15,27,0.790937185,0.080157042,0.044807911,1.719385862,2.635288,13898.93874,,,,,,,,
15,30,0.803092003,0.062872171,0.06019783,1.730884075,2.65704608,13858.58604,,,,,,,,
15,45,0.864428043,0.175940275,0.330226898,1.735957861,3.106553078,13926.64438,,,,,,,,
15,60,0.93934989,0.172661066,0.982210875,1.761250019,3.855471849,13894.5358,,,,,,,,
15,90,1.122648954,0.337728977,5.017510891,1.813420296,8.291309118,13969.77569,,,,,,,,
15,120,1.218726873,0.511457205,16.99338603,1.78559494,20.50916505,14096.80001,,,,,,,,
16,3,0.783876181,0.020592213,0.000423908,1.751585484,2.556477785,16105.19834,,,,,,,,
16,9,0.754823923,0.018116236,0.000730753,1.751905203,2.525576115,16038.34237,,,,,,,,
16,15,0.793158293,0.055954933,0.004924059,1.754812002,2.608849287,16126.73714,,,,,,,,
16,21,0.795825958,0.071537256,0.018518925,1.758826733,2.644708872,16106.98823,,,,,,,,
16,27,0.843722105,0.089812994,0.051750183,1.791931629,2.777216911,16147.44147,,,,,,,,
16,30,0.816487074,0.111745834,0.064002037,1.772430897,2.764665842,15944.10935,,,,,,,,
16,45,0.880661964,0.122005939,0.310425758,1.770924568,3.08401823,16154.51464,,,,,,,,
16,60,0.947195053,0.189687014,0.962349176,1.808315754,3.907546997,15930.60115,,,,,,,,
16,90,1.065694094,0.319705963,4.778748035,1.795244932,7.959393024,16084.27337,,,,,,,,
16,120,1.261028767,0.504823923,15.35058975,1.868223429,18.98466587,16280.50691,,,,,,,,
17,3,0.716140747,0.011409044,0.000354052,1.673444271,2.401348114,11458.77664,,,,,,,,
17,9,0.746951818,0.013345242,0.000723839,1.682929993,2.443950891,11455.56044,,,,,,,,
17,15,0.75635004,0.066255808,0.005111217,1.682346106,2.510063171,11464.44556,,,,,,,,
17,21,0.780905962,0.079267979,0.018041134,1.692479849,2.570694923,11480.63992,,,,,,,,
17,27,0.814263105,0.091674805,0.042249918,1.689939976,2.638127804,11488.98147,,,,,,,,
17,30,0.85875988,0.063380003,0.063351154,1.703123093,2.68861413,11527.71925,,,,,,,,
17,45,0.893613815,0.139607906,0.331736803,1.699214458,3.064172983,11630.86256,,,,,,,,
17,60,0.931611776,0.246504784,0.975667953,1.702714443,3.856498957,11650.8589,,,,,,,,
17,90,1.04760313,0.335926056,4.808160067,1.723983765,7.915673018,11668.80721,,,,,,,,
17,120,1.233115911,0.55654192,15.37272215,1.739009857,18.90138984,11734.14601,,,,,,,,
18,3,0.732891083,0.023632765,0.000509977,1.68416214,2.441195965,13079.00329,,,,,,,,
18,9,0.730467796,0.029659271,0.000960112,1.682370901,2.44345808,13101.55423,,,,,,,,
18,15,0.770183325,0.064008951,0.005537033,1.701987743,2.541717052,13091.51228,,,,,,,,
18,21,0.791138887,0.067897797,0.016040087,1.682641268,2.557718039,13061.49056,,,,,,,,
18,27,0.783743143,0.0826478,0.044281244,1.702401876,2.613074064,13117.4851,,,,,,,,
18,30,0.805829048,0.05312109,0.059146881,1.700551987,2.618649006,13060.64528,,,,,,,,
18,45,0.874752998,0.152745962,0.323162317,1.698823452,3.04948473,13146.47634,,,,,,,,
18,60,0.918461323,0.198944092,0.99748683,1.726565599,3.841457844,13211.89051,,,,,,,,
18,90,1.055474997,0.367708921,4.886982203,1.750737906,8.060904026,13206.10989,,,,,,,,
18,120,1.195226908,0.569248915,15.64856815,1.746827126,19.1598711,13274.41014,,,,,,,,
19,3,0.758774042,0.013787746,0.000378847,1.637174368,2.410115004,13076.39976,,,,,,,,
19,9,0.759332895,0.011490107,0.000714064,1.673346996,2.444884062,13102.73245,,,,,,,,
19,15,0.752799034,0.021388054,0.00420475,1.660974979,2.439366817,13163.20168,,,,,,,,
19,21,0.801140785,0.051970959,0.019040823,1.670446634,2.542599201,13160.91744,,,,,,,,
19,27,0.787284851,0.051733017,0.063069105,1.673305988,2.575392962,13174.00098,,,,,,,,
19,30,0.802113056,0.10872221,0.065982819,1.69895196,2.675770044,13316.45447,,,,,,,,
19,45,0.873183012,0.145262957,0.317930937,1.685260057,3.021636963,13236.36207,,,,,,,,
19,60,1.034774065,0.253813028,0.954648018,1.710976601,3.954211712,13460.70991,,,,,,,,
19,90,1.069249153,0.315160751,4.906169891,1.724629164,8.01520896,13449.83122,,,,,,,,
19,120,1.212004185,0.500381231,14.78235888,1.749173641,18.24391794,13496.39087,,,,,,,,
20,3,0.765914202,0.024040937,0.000356913,1.723110914,2.513422966,13044.09749,,,,,,,,
20,9,0.733715057,0.031861067,0.000946999,1.723675728,2.490198851,13000.32709,,,,,,,,
20,15,0.787197828,0.050559998,0.006730795,1.734871387,2.579360008,13084.43146,,,,,,,,
20,21,0.797659874,0.055486917,0.016946793,1.730045319,2.600138903,13066.09403,,,,,,,,
20,27,0.824733257,0.07994175,0.041898012,1.738022804,2.684595823,13058.85217,,,,,,,,
20,30,0.833516121,0.104866982,0.070935249,1.766060829,2.775379181,13060.13274,,,,,,,,
20,45,0.890415192,0.119402885,0.310214996,1.753572226,3.073605299,13078.7369,,,,,,,,
20,60,0.976069927,0.22195816,1.026368856,1.768941164,3.993338108,13113.08836,,,,,,,,
20,90,1.073242188,0.334052801,5.173494101,1.810409069,8.391198158,13111.00211,,,,,,,,
20,120,1.253657818,0.472039938,13.89240217,1.814949274,17.4330492,13265.18136,,,,,,,,
21,3,0.726724863,0.010980129,0.000313759,1.731216192,2.469234943,13460.52621,,,,,,,,
21,9,0.734508038,0.011713982,0.000760794,1.729475021,2.476457834,13470.03201,,,,,,,,
21,15,0.765146732,0.02595973,0.004199028,1.748012543,2.543318033,13625.99757,,,,,,,,
21,21,0.803236246,0.056829929,0.016166925,1.754111767,2.630344868,13680.00845,,,,,,,,
21,27,0.838505983,0.088657141,0.047181129,1.743490696,2.717834949,13659.93341,,,,,,,,
21,30,0.787476063,0.105284214,0.067366123,1.745156765,2.705283165,13662.34139,,,,,,,,
21,45,0.854346991,0.115434885,0.313095331,1.75549674,3.038373947,13650.11263,,,,,,,,
21,60,0.922286034,0.190811872,0.923091888,1.787838221,3.824028015,13745.10871,,,,,,,,
21,90,1.082918882,0.387366056,4.710405827,1.785485268,7.966176033,13716.52905,,,,,,,,
21,120,1.218101025,0.585497856,14.83376813,1.81950593,18.45687294,13833.44522,,,,,,,,
22,3,0.731326103,0.01948595,0.000357151,1.739012957,2.490182161,14345.78434,,,,,,,,
22,9,0.731705904,0.024312973,0.000744104,1.733426094,2.490189075,14287.77893,,,,,,,,
22,15,0.770931005,0.03738308,0.004611969,1.744716883,2.557642937,14323.26784,,,,,,,,
22,21,0.796718836,0.042140722,0.014843225,1.753135204,2.606837988,14285.93091,,,,,,,,
22,27,0.828390121,0.066491842,0.045167923,1.746176004,2.686225891,14211.3356,,,,,,,,
22,30,0.817740917,0.050523043,0.059785843,1.762007236,2.690057039,14286.82404,,,,,,,,
22,45,0.881592035,0.118737936,0.319482803,1.783134222,3.102946997,14272.43579,,,,,,,,
22,60,0.928854942,0.194980145,0.959771872,1.788739204,3.872346163,14431.43024,,,,,,,,
22,90,1.047524214,0.378275871,4.626069069,1.788920879,7.840790033,14268.88967,,,,,,,,
22,120,1.216150045,0.530061245,13.85622096,1.820014715,17.42244697,14286.48835,,,,,,,,
23,3,0.74285388,0.019555807,0.000347137,1.612984419,2.375741243,13768.26344,,,,,,,,
23,9,0.743856192,0.02588892,0.000731945,1.621213913,2.391690969,13719.09439,,,,,,,,
23,15,0.763972282,0.046770096,0.00433898,1.620676756,2.435758114,13738.10783,,,,,,,,
23,21,0.789494991,0.04936409,0.015056133,1.623405695,2.47732091,13762.03785,,,,,,,,
23,27,0.811486006,0.07810998,0.044229031,1.651046991,2.584872007,13776.68963,,,,,,,,
23,30,0.824228764,0.091747046,0.060762882,1.640041113,2.616779804,13794.24688,,,,,,,,
23,45,0.881318808,0.148639917,0.301566839,1.641022205,2.97254777,13799.70902,,,,,,,,
23,60,0.892598152,0.210117817,0.949565172,1.673211813,3.725492954,13790.3828,,,,,,,,
23,90,1.054556847,0.34106493,4.810492992,1.671519995,7.877634764,13772.53036,,,,,,,,
23,120,1.208599091,0.551953793,14.49053788,1.664615393,17.91570616,13978.04299,,,,,,,,
24,3,0.768574953,0.012059927,0.00055027,1.61343503,2.39462018,11580.79766,,,,,,,,
24,9,0.760808945,0.011713982,0.000694036,1.684580803,2.457797766,11603.34205,,,,,,,,
24,15,0.777654886,0.067060947,0.005980968,1.622913361,2.473610163,11642.35894,,,,,,,,
24,21,0.798784018,0.083770037,0.017112255,1.626507759,2.526174068,11664.92902,,,,,,,,
24,27,0.814429998,0.080271959,0.042434216,1.650240898,2.587377071,11641.40718,,,,,,,,
24,30,0.812257051,0.106338024,0.068261862,1.665023088,2.651880026,11662.31799,,,,,,,,
24,45,0.863797903,0.116852999,0.314359903,1.652109385,2.94712019,11670.17625,,,,,,,,
24,60,0.934705973,0.244079113,0.974951029,1.680147648,3.833883762,11661.51966,,,,,,,,
24,90,1.030642271,0.329525948,4.935082197,1.676598549,7.971848965,11722.97055,,,,,,,,
24,120,1.191277027,0.589751959,14.22221231,1.665311575,17.66855288,11802.38028,,,,,,,,
25,3,0.757749081,0.01139307,0.000335932,1.886112928,2.655591011,13202.00178,,,,,,,,
25,9,0.743988991,0.035846949,0.000948906,1.886998177,2.667783022,13233.77037,,,,,,,,
25,15,0.798933029,0.046129942,0.004589081,2.015299082,2.864951134,13256.29235,,,,,,,,
25,21,0.810029268,0.068315983,0.017414093,1.900182724,2.795942068,13260.87712,,,,,,,,
25,27,0.821238041,0.070301056,0.041916847,1.900938988,2.834394932,13270.33236,,,,,,,,
25,30,0.818922043,0.070618868,0.06210494,1.893363237,2.845009089,13143.26022,,,,,,,,
25,45,0.876139879,0.145817995,0.344121218,1.905494928,3.27157402,13302.56838,,,,,,,,
25,60,0.919744968,0.149213314,0.917997122,1.92075038,3.907705784,13231.60027,,,,,,,,
25,90,1.084592104,0.318223953,4.666884184,1.950493813,8.020194054,13220.69951,,,,,,,,
25,120,1.176778078,0.512912273,14.07725692,1.967194796,17.73414207,13324.29785,,,,,,,,
26,3,0.74635911,0.024260044,0.000349283,1.620499372,2.39146781,12210.31605,,,,,,,,
26,9,0.741277218,0.022001028,0.000756979,1.621818542,2.385853767,12177.9855,,,,,,,,
26,15,0.796367884,0.03166914,0.00424695,1.627961159,2.460245132,12178.07684,,,,,,,,
26,21,0.818037033,0.067541122,0.018454075,1.635684013,2.539716244,12216.22087,,,,,,,,
26,27,0.837639809,0.091614008,0.042576075,1.637571812,2.609401703,12231.26466,,,,,,,,
26,30,0.82930994,0.118397951,0.068451166,1.635159731,2.651318789,12253.6601,,,,,,,,
26,45,0.890681982,0.137839079,0.33716011,1.644877911,3.010559082,12243.37541,,,,,,,,
26,60,0.974938869,0.183052063,0.96104908,1.657255888,3.7762959,12332.5489,,,,,,,,
26,90,1.091204643,0.412479162,5.024232864,1.689535379,8.217452049,12293.93927,,,,,,,,
26,120,1.205393791,0.581722021,14.97774196,1.699366331,18.4642241,12316.36289,,,,,,,,
27,3,0.79099822,0.019836187,0.000357151,1.750832319,2.562023878,16184.24489,,,,,,,,
27,9,0.76945281,0.042936087,0.000748158,1.755488873,2.568625927,16145.15946,,,,,,,,
27,15,0.809483051,0.071279287,0.005495071,1.758986712,2.645244122,16201.65324,,,,,,,,
27,21,0.846508026,0.079893827,0.018097878,1.810543537,2.755043268,16156.07586,,,,,,,,
27,27,0.836200237,0.082122087,0.039839029,1.761381626,2.71954298,16162.75814,,,,,,,,
27,30,0.831178188,0.068728924,0.062516928,1.762989759,2.725413799,16432.11239,,,,,,,,
27,45,0.924281836,0.118808031,0.313357115,1.776750088,3.133197069,16215.27252,,,,,,,,
27,60,0.943173885,0.233095884,0.956971169,1.792424202,3.92566514,16500.34796,,,,,,,,
27,90,1.077929258,0.394619226,4.876477003,1.821192503,8.170217991,16298.20356,,,,,,,,
27,120,1.192565918,0.524662018,14.9390831,1.796209812,18.45252085,16471.11776,,,,,,,,
28,3,0.765969753,0.019546747,0.000370741,1.760528803,2.546416044,16242.70634,,,,,,,,
28,9,0.731614828,0.040510178,0.000858068,1.753789902,2.526772976,16266.31161,,,,,,,,
28,15,0.777317047,0.046792984,0.004683971,1.763700008,2.592494011,16288.92088,,,,,,,,
28,21,0.838739872,0.04471302,0.01476717,1.773195982,2.671416044,16187.05567,,,,,,,,
28,27,0.843948126,0.058446169,0.039896011,1.774297714,2.71658802,16195.32711,,,,,,,,
28,30,0.804003,0.111358404,0.061207771,1.787770748,2.764339924,16322.64845,,,,,,,,
28,45,0.876857042,0.161037683,0.323493958,1.783442259,3.144830942,16370.45346,,,,,,,,
28,60,0.980206013,0.177316666,0.927296877,1.791021109,3.875840664,16296.39829,,,,,,,,
28,90,1.086656094,0.31791687,4.746054173,1.817096949,7.967724085,16287.07351,,,,,,,,
28,120,1.240728855,0.533432007,15.26274419,1.83807683,18.87498188,16425.10614,,,,,,,,
29,3,0.75393033,0.022279263,0.000463009,1.765836239,2.542508841,9615.449216,,,,,,,,
29,9,0.763127089,0.022532701,0.000732183,1.778700113,2.565092087,9609.225443,,,,,,,,
29,15,0.774255991,0.059303761,0.004405975,1.813986301,2.651952028,9630.373395,,,,,,,,
29,21,0.792442322,0.074636936,0.016083956,1.77807188,2.661235094,9667.498725,,,,,,,,
29,27,0.825499058,0.107712984,0.044325113,1.788892746,2.766429901,9674.897112,,,,,,,,
29,30,0.835432053,0.059947014,0.059755087,1.797633886,2.75276804,9569.304867,,,,,,,,
29,45,0.897349119,0.140931845,0.317322969,1.801961184,3.157565117,9632.223786,,,,,,,,
29,60,0.918956041,0.164988279,0.903673887,1.820188046,3.807806253,9584.044073,,,,,,,,
29,90,1.042446136,0.344551802,4.822873831,1.830823421,8.04069519,9686.535042,,,,,,,,
29,120,1.211061001,0.517417908,14.75773406,1.850763083,18.33697605,9668.475041,,,,,,,,
30,3,0.743868113,0.013422012,0.000378132,1.626967907,2.384636164,12514.51742,,,,,,,,
30,9,0.717750072,0.019614935,0.000790834,1.627595186,2.365751028,12519.5086,,,,,,,,
30,15,0.770462036,0.021187067,0.004321098,1.638374805,2.434345007,12584.9819,,,,,,,,
30,21,0.755107164,0.039348125,0.015041113,1.633574963,2.443071365,12587.81723,,,,,,,,
30,27,0.803872108,0.044377089,0.039916992,1.660320759,2.548486948,12591.94698,,,,,,,,
30,30,0.831202984,0.108343124,0.062898159,1.64414072,2.646584988,12721.35603,,,,,,,,
30,45,0.884273052,0.100765944,0.300841093,1.656560898,2.942440987,12688.82005,,,,,,,,
30,60,0.912965298,0.245630026,1.00391078,1.686911821,3.849417925,12717.27245,,,,,,,,
30,90,1.034716129,0.404427052,4.83142972,1.683547974,7.954120874,12803.34983,,,,,,,,
30,120,1.216852188,0.571234941,15.9601841,1.734520912,19.48279214,12910.5943,,,,,,,,
31,3,0.755661011,0.022989988,0.000358105,1.799666166,2.57867527,12232.69072,,,,,,,,
31,9,0.743561983,0.038779259,0.000972986,1.817059755,2.600373983,12229.76237,,,,,,,,
31,15,0.780786037,0.039004087,0.004653931,1.811182022,2.635626078,12216.49399,,,,,,,,
31,21,0.81144619,0.049009085,0.016061068,1.814790726,2.691307068,12205.52807,,,,,,,,
31,27,0.810348034,0.098502874,0.042044878,1.838130236,2.789026022,12241.76557,,,,,,,,
31,30,0.802876949,0.099963188,0.065593958,1.842965126,2.811399221,12259.3187,,,,,,,,
31,45,0.904200792,0.130609989,0.306260824,1.820857286,3.161928892,12263.0078,,,,,,,,
31,60,0.918510914,0.22405386,0.921888828,1.847421646,3.911875248,12351.04102,,,,,,,,
31,90,1.051770926,0.369002104,4.743957043,1.838251829,8.002981901,12340.19524,,,,,,,,
31,120,1.239897013,0.493999958,14.13696074,1.867104292,17.73796201,12386.40444,,,,,,,,
32,3,0.731563091,0.023657084,0.000349283,1.704689503,2.460258961,13662.59608,,,,,,,,
32,9,0.755236149,0.035156965,0.000786066,1.701342821,2.492522001,13629.29557,,,,,,,,
32,15,0.751466036,0.048624039,0.004709959,1.6995399,2.504339933,13646.08936,,,,,,,,
32,21,0.794799089,0.061681032,0.014977932,1.708889961,2.580348015,13539.13179,,,,,,,,
32,27,0.81489706,0.119708776,0.045142889,1.708128452,2.687877178,13538.57332,,,,,,,,
32,30,0.807819128,0.110296965,0.062800169,1.686175108,2.66709137,13725.01268,,,,,,,,
32,45,0.841696978,0.163308859,0.313200951,1.740533352,3.058740139,13596.89567,,,,,,,,
32,60,0.957490206,0.244633198,1.017046928,1.747024775,3.966195107,13691.97311,,,,,,,,
32,90,1.062535048,0.351853132,4.750742912,1.743951082,7.909082174,13816.22342,,,,,,,,
32,120,1.265304804,0.518229961,14.27487016,1.762774944,17.82117987,13834.18329,,,,,,,,
33,3,0.742343903,0.022887945,0.000337124,1.566888094,2.332457066,10881.04643,,,,,,,,
33,9,0.723970175,0.022138834,0.00071311,1.592667818,2.339489937,10835.87387,,,,,,,,
33,15,0.742790222,0.05001092,0.005939007,1.615198851,2.413938999,10879.75323,,,,,,,,
33,21,0.753321886,0.060857296,0.01700902,1.591413736,2.422601938,10899.83013,,,,,,,,
33,27,0.791239023,0.064911842,0.043993235,1.601097822,2.501241922,10914.78522,,,,,,,,
33,30,0.795245171,0.049855947,0.058598757,1.603960276,2.507660151,10929.58199,,,,,,,,
33,45,0.856364012,0.12375617,0.324599028,1.615019798,2.919739008,10976.60858,,,,,,,,
33,60,0.959005356,0.149398804,0.975202084,1.628304958,3.711911201,10963.43509,,,,,,,,
33,90,1.059259176,0.276472807,4.625824928,1.639688015,7.601244926,10882.2158,,,,,,,,
33,120,1.20528388,0.497502089,14.77723789,1.673518181,18.15354204,10971.9863,,,,,,,,
34,3,0.717305899,0.013762236,0.000311136,1.762269497,2.493648767,11018.77011,,,,,,,,
34,9,0.737462997,0.022541046,0.000714064,1.763106823,2.52382493,11071.32467,,,,,,,,
34,15,0.74208498,0.03258276,0.004626751,1.763691425,2.542985916,11109.28192,,,,,,,,
34,21,0.790740013,0.059046984,0.014938116,1.769453049,2.634178162,11023.21539,,,,,,,,
34,27,0.791961908,0.110164881,0.043952942,1.773983479,2.72006321,11026.86093,,,,,,,,
34,30,0.805430174,0.071259975,0.060034037,1.772225857,2.708950043,11130.01292,,,,,,,,
34,45,0.87894702,0.152428865,0.318554163,1.78344202,3.133372068,11107.69657,,,,,,,,
34,60,0.927964926,0.167642832,1.027160883,1.795035124,3.917803764,11152.98904,,,,,,,,
34,90,1.032334089,0.307187796,5.009114742,1.815039635,8.163676262,11147.71008,,,,,,,,
34,120,1.228504658,0.606554985,16.54731083,1.86038661,20.24275708,11267.52085,,,,,,,,
35,3,0.747530937,0.022001028,0.000319004,1.812302113,2.582153082,15832.74835,,,,,,,,
35,9,0.727192879,0.03017211,0.000832081,1.820419788,2.578616858,15806.0342,,,,,,,,
35,15,0.777966976,0.066683054,0.004618168,1.824994802,2.674263,15898.53341,,,,,,,,
35,21,0.775792122,0.073426962,0.015137196,1.82309556,2.687451839,15893.3934,,,,,,,,
35,27,0.802027225,0.073364973,0.041996956,1.826951742,2.744340897,15893.61289,,,,,,,,
35,30,0.825937271,0.105762959,0.059288263,1.829166651,2.820155144,15887.82107,,,,,,,,
35,45,0.849880934,0.123483181,0.330094814,1.874296904,3.177755833,15920.75346,,,,,,,,
35,60,0.947191,0.151471138,0.895315886,1.873819351,3.867797375,15997.95292,,,,,,,,
35,90,1.050020933,0.304965258,4.970379114,1.849702835,8.17506814,16020.9711,,,,,,,,
35,120,1.21176672,0.483660936,14.27233911,1.888799906,17.85656667,16001.38831,,,,,,,,
36,3,0.746449709,0.010813951,0.000396967,1.618711472,2.376372099,13533.13158,,,,,,,,
36,9,0.729490042,0.048265934,0.000931263,1.596355677,2.375042915,13632.45905,,,,,,,,
36,15,0.753508806,0.041837931,0.004224062,1.633287191,2.43285799,13508.5052,,,,,,,,
36,21,0.790523052,0.04577899,0.014899969,1.615467787,2.466669798,13527.68601,,,,,,,,
36,27,0.794317245,0.075042009,0.041167021,1.608873606,2.519399881,13515.26284,,,,,,,,
36,30,0.793129921,0.049287081,0.058314085,1.60788703,2.508618116,13663.2924,,,,,,,,
36,45,0.913811922,0.113675117,0.310203791,1.617856503,2.955547333,13557.90506,,,,,,,,
36,60,0.936525822,0.21053195,0.971179962,1.634187222,3.752424955,13805.05875,,,,,,,,
36,90,1.05766511,0.323575974,4.782444,1.650131702,7.813816786,13853.94748,,,,,,,,
36,120,1.17814517,0.553938866,15.15770721,1.677967548,18.5677588,13887.00222,,,,,,,,
37,3,0.767553806,0.011225939,0.000319004,1.733168364,2.512267113,15598.3345,,,,,,,,
37,9,0.748901844,0.035771132,0.000738859,1.736671209,2.522083044,15633.90351,,,,,,,,
37,15,0.791108131,0.054779053,0.004652977,1.731850863,2.582391024,15607.65522,,,,,,,,
37,21,0.815934896,0.065774202,0.018843174,1.745640755,2.646193027,15597.90751,,,,,,,,
37,27,0.80678606,0.069542885,0.049947262,1.739198685,2.665474892,15595.66554,,,,,,,,
37,30,0.804062843,0.131324768,0.069964886,1.750002384,2.755354881,15590.05676,,,,,,,,
37,45,0.900449038,0.117395878,0.318297863,1.759647131,3.095789909,15630.92329,,,,,,,,
37,60,0.894283772,0.207222939,0.921970129,1.77008009,3.793556929,15691.65135,,,,,,,,
37,90,1.010164022,0.354170799,4.596789122,1.793202162,7.754326105,15716.89572,,,,,,,,
37,120,1.212636948,0.515147924,15.63010001,1.804347992,19.16223288,15916.11317,,,,,,,,
38,3,0.753945112,0.010868788,0.000340939,1.663323164,2.428478003,10979.30807,,,,,,,,
38,9,0.727640152,0.011814833,0.000715017,1.658381224,2.398551226,11016.60681,,,,,,,,
38,15,0.760220051,0.053712845,0.005479097,1.663807154,2.483219147,11051.36825,,,,,,,,
38,21,0.796550035,0.062227964,0.015623093,1.674461842,2.548862934,11085.16874,,,,,,,,
38,27,0.799853086,0.053979158,0.03875494,1.67234993,2.564937115,11020.57293,,,,,,,,
38,30,0.816104889,0.069746256,0.059572935,1.701564789,2.646988869,11101.42339,,,,,,,,
38,45,0.900583029,0.136786938,0.313209057,1.702727795,3.053306818,11079.65142,,,,,,,,
38,60,0.925571203,0.218524933,1.048069954,1.703309059,3.895475149,11115.37139,,,,,,,,
38,90,1.033038139,0.360252142,4.89483285,1.723409653,8.011532784,11103.04033,,,,,,,,
38,120,1.202690125,0.550431967,14.86266422,1.773991823,18.38977814,11219.08526,,,,,,,,
39,3,0.730435133,0.010582924,0.000342607,1.627488136,2.368848801,13455.09187,,,,,,,,
39,9,0.724461079,0.018810987,0.00079608,1.641612768,2.385680914,13495.16403,,,,,,,,
39,15,0.768512011,0.053781986,0.004273176,1.655048847,2.48161602,13532.12415,,,,,,,,
39,21,0.786222935,0.061756849,0.016042948,1.634681463,2.498704195,13558.70384,,,,,,,,
39,27,0.789716959,0.083907843,0.042268991,1.637523174,2.553416967,13449.38372,,,,,,,,
39,30,0.825821877,0.097177982,0.068519115,1.639654875,2.631173849,13440.88681,,,,,,,,
39,45,0.866913795,0.066865206,0.302823782,1.648671389,2.885274172,13523.10828,,,,,,,,
39,60,0.896925211,0.205509901,0.971490145,1.653134823,3.72706008,13567.12107,,,,,,,,
39,90,1.038476944,0.280220032,4.983422995,1.67032814,7.972448111,13623.46482,,,,,,,,
39,120,1.208512068,0.514500856,15.65943718,1.726156712,19.10860682,13671.52211,,,,,,,,
40,3,0.738445997,0.010200024,0.000530005,1.681401014,2.43057704,12206.11497,,,,,,,,
40,9,0.753793716,0.026459217,0.000826836,1.687036276,2.468116045,12265.99271,,,,,,,,
40,15,0.785778999,0.043618679,0.004275322,1.685649872,2.519322872,12254.32906,,,,,,,,
40,21,0.791441917,0.052801132,0.014810801,1.6883111,2.54736495,12290.58102,,,,,,,,
40,27,0.819859266,0.083472013,0.044034004,1.69743371,2.644798994,12337.92669,,,,,,,,
40,30,0.785311222,0.078331947,0.059224844,1.705455065,2.628323078,12257.12117,,,,,,,,
40,45,0.871256113,0.141050816,0.29659009,1.706891775,3.015788794,12348.84298,,,,,,,,
40,60,0.91624999,0.232238054,0.979151249,1.739087582,3.866726875,12382.97722,,,,,,,,
40,90,1.073820829,0.335545063,5.087641001,1.761456013,8.258462906,12474.16051,,,,,,,,
40,120,1.235999107,0.556858063,15.60971713,1.766441822,19.16901612,12520.42815,,,,,,,,
41,3,0.749992847,0.023548365,0.000353813,1.616276979,2.390172005,13104.5293,,,,,,,,
41,9,0.739722013,0.043449163,0.000946999,1.658709049,2.442827225,13083.697,,,,,,,,
41,15,0.790165901,0.050086021,0.005433083,1.647633791,2.493318796,13191.19599,,,,,,,,
41,21,0.803672075,0.054916859,0.017967939,1.652095079,2.528651953,13196.21799,,,,,,,,
41,27,0.801929951,0.073636055,0.046588182,1.650218725,2.572372913,13194.34658,,,,,,,,
41,30,0.799790144,0.060935974,0.063215017,1.675978899,2.599920034,13057.27564,,,,,,,,
41,45,0.867531776,0.124147177,0.308982134,1.682459116,2.983120203,13253.99515,,,,,,,,
41,60,0.926958084,0.185701132,0.905404329,1.681512594,3.699576139,13064.22922,,,,,,,,
41,90,1.060988903,0.348804235,4.495131969,1.696694136,7.601619244,13185.82393,,,,,,,,
41,120,1.232587814,0.518196106,13.95338392,1.718387842,17.42255569,13217.83326,,,,,,,,
42,3,0.7471838,0.018289328,0.000362873,1.693995953,2.459831953,14306.27622,,,,,,,,
42,9,0.732494116,0.019051075,0.00073123,1.69699645,2.449272871,14310.97275,,,,,,,,
42,15,0.76441288,0.049715996,0.004787922,1.698264122,2.51718092,14334.59678,,,,,,,,
42,21,0.778089046,0.045618057,0.014976978,1.780906916,2.619590998,14386.25873,,,,,,,,
42,27,0.807923794,0.061986208,0.044203043,1.707243919,2.621356964,14441.26016,,,,,,,,
42,30,0.833440304,0.077453136,0.074256897,1.705972672,2.691123009,14421.61992,,,,,,,,
42,45,0.87802887,0.143643856,0.333215237,1.721446037,3.076334,14366.68048,,,,,,,,
42,60,0.957697868,0.183120966,0.91265893,1.732631207,3.786108971,14376.32365,,,,,,,,
42,90,1.03741169,0.320481062,4.551667929,1.755949497,7.665510178,14442.89951,,,,,,,,
42,120,1.207403898,0.536216021,14.8757,1.76479888,18.3841188,14394.0703,,,,,,,,
43,3,0.742520094,0.020429134,0.000327826,1.695637941,2.458914995,12704.46738,,,,,,,,
43,9,0.745943785,0.030361176,0.000746012,1.707015753,2.484066725,12676.79907,,,,,,,,
43,15,0.763175964,0.06170392,0.004559994,1.723234177,2.552674055,12674.25053,,,,,,,,
43,21,0.800113201,0.070490122,0.016981125,1.718292713,2.605877161,12736.16918,,,,,,,,
43,27,0.813692808,0.074639082,0.042167902,1.718711138,2.64921093,12753.91266,,,,,,,,
43,30,0.805194139,0.109191179,0.061957836,1.722695827,2.699038982,12826.51638,,,,,,,,
43,45,0.872090816,0.106163979,0.302000761,1.748895407,3.029150963,12771.22293,,,,,,,,
43,60,0.919231892,0.193614006,0.959804773,1.76128149,3.833932161,12791.14377,,,,,,,,
43,90,1.020564079,0.293673992,4.830243111,1.760774612,7.905255795,12857.36023,,,,,,,,
43,120,1.201968908,0.502246857,13.93706584,1.784694672,17.42597628,12882.32607,,,,,,,,
44,3,0.788111925,0.010769844,0.000342131,1.670741081,2.469964981,13070.01203,,,,,,,,
44,9,0.784283876,0.040609121,0.000821114,1.673319101,2.499033213,13116.69194,,,,,,,,
44,15,0.784615993,0.041477203,0.005481005,1.666399956,2.497974157,13128.22058,,,,,,,,
44,21,0.827538013,0.070608139,0.020866871,1.675867081,2.594880104,13156.8941,,,,,,,,
44,27,0.823853016,0.126108885,0.041725874,1.680108309,2.671796083,13178.72857,,,,,,,,
44,30,0.820548773,0.083455086,0.059662104,1.687883854,2.651549816,13148.00797,,,,,,,,
44,45,0.912554026,0.147400141,0.364848137,1.692430735,3.117233038,13179.31546,,,,,,,,
44,60,0.946141958,0.176887751,0.9879179,1.701355219,3.812302828,13206.05984,,,,,,,,
44,90,1.064125061,0.326972008,4.86263895,1.71943903,7.973175049,13206.02226,,,,,,,,
44,120,1.203441143,0.480151653,15.13780403,1.744246244,18.56564307,13279.53298,,,,,,,,
45,3,0.775927067,0.01235795,0.000368118,1.581960917,2.370614052,8392.471883,,,,,,,,
45,9,0.723598719,0.042294979,0.000887156,1.583604097,2.350384951,8439.099345,,,,,,,,
45,15,0.780887842,0.050592899,0.004789114,1.589621067,2.425890923,8461.280776,,,,,,,,
45,21,0.803097725,0.054852247,0.015846014,1.594259739,2.468055725,8477.462721,,,,,,,,
45,27,0.786164045,0.09899497,0.040616989,1.597764254,2.523540258,8451.57428,,,,,,,,
45,30,0.846791267,0.081984997,0.059834957,1.603582859,2.59219408,8551.377433,,,,,,,,
45,45,0.881855011,0.115813017,0.334154129,1.628410816,2.960232973,8477.477957,,,,,,,,
45,60,0.937111855,0.23744607,0.976057053,1.622419834,3.773034811,8564.868108,,,,,,,,
45,90,1.045988798,0.35978508,4.815778017,1.645448923,7.867000818,8541.712361,,,,,,,,
45,120,1.212602854,0.531356096,14.03803205,1.664579868,17.44657087,8565.292524,,,,,,,,
46,3,0.772630215,0.020099878,0.000333071,1.69014883,2.483211994,14328.14148,,,,,,,,
46,9,0.744712114,0.016895056,0.00071311,1.692887783,2.455208063,14220.91311,,,,,,,,
46,15,0.788942099,0.02054882,0.004258156,1.700054884,2.513803959,14240.95188,,,,,,,,
46,21,0.794954062,0.026993275,0.014699697,1.703723907,2.540370941,14259.72447,,,,,,,,
46,27,0.827359915,0.105034113,0.043494225,1.722080946,2.697969198,14292.4139,,,,,,,,
46,30,0.844595909,0.041006088,0.059541941,1.742224932,2.68736887,14190.35508,,,,,,,,
46,45,0.890052795,0.154005051,0.338488102,1.718094826,3.100640774,14323.93148,,,,,,,,
46,60,0.966088057,0.176635981,1.018846035,1.737867117,3.899437189,14342.15262,,,,,,,,
46,90,1.090976954,0.292341948,4.653232813,1.753756046,7.79030776,14338.17626,,,,,,,,
46,120,1.208952904,0.511612892,14.76668191,1.771789312,18.25903702,14515.82585,,,,,,,,
47,3,0.757357836,0.010598183,0.000324726,1.67579031,2.444071054,14836.54517,,,,,,,,
47,9,0.754329681,0.01209116,0.000732183,1.666923761,2.434076786,14846.59214,,,,,,,,
47,15,0.795461893,0.019414902,0.004181862,1.672361374,2.491420031,14942.49976,,,,,,,,
47,21,0.818593025,0.025049925,0.014944077,1.680989027,2.539576054,14930.92903,,,,,,,,
47,27,0.809700966,0.051156998,0.039134979,1.680100203,2.580093145,14947.57152,,,,,,,,
47,30,0.829318285,0.067436695,0.064975977,1.675472975,2.637203932,14905.22036,,,,,,,,
47,45,0.897161961,0.172805309,0.312800884,1.687986851,3.070755005,15057.11326,,,,,,,,
47,60,0.956166983,0.267328978,0.936920166,1.695340872,3.855756998,15020.93673,,,,,,,,
47,90,1.076388121,0.379980803,4.815546989,1.733468056,8.005383968,15065.31146,,,,,,,,
47,120,1.217919827,0.515084743,14.42189312,1.732542038,17.88743973,15120.95567,,,,,,,,
48,3,0.749918938,0.021646023,0.00046587,1.566450119,2.338480949,10227.59359,,,,,,,,
48,9,0.754909992,0.019282341,0.000710011,1.589740515,2.364642859,10199.51203,,,,,,,,
48,15,0.774340868,0.065581083,0.005241871,1.595528126,2.440691948,10229.9951,,,,,,,,
48,21,0.800743103,0.072760105,0.020417929,1.593230009,2.487151146,10257.82519,,,,,,,,
48,27,0.830327988,0.068832874,0.039680958,1.621273279,2.560115099,10237.93017,,,,,,,,
48,30,0.785605192,0.133630037,0.072794914,1.603359699,2.595389843,10199.10583,,,,,,,,
48,45,0.838815928,0.133125782,0.315453053,1.620062351,2.907457113,10276.32858,,,,,,,,
48,60,0.938610792,0.178305864,0.974251986,1.631623745,3.722792387,10255.3889,,,,,,,,
48,90,1.05736208,0.357840776,5.052840948,1.640821218,8.108865023,10362.94483,,,,,,,,
48,120,1.196578741,0.484786749,15.36696696,1.692506552,18.740839,10408.41606,,,,,,,,
49,3,0.756029129,0.022865057,0.000322819,1.759464741,2.538681746,13694.83557,,,,,,,,
49,9,0.755562782,0.04222393,0.001030207,1.780571222,2.579388142,13669.29631,,,,,,,,
49,15,0.774642944,0.04259181,0.005533934,1.773589373,2.596358061,13662.97087,,,,,,,,
49,21,0.802514076,0.046543121,0.016013145,1.782404661,2.647475004,13647.17039,,,,,,,,
49,27,0.827972174,0.052272797,0.040108204,1.781435728,2.701788902,13618.1058,,,,,,,,
49,30,0.807848215,0.092813969,0.061871052,1.768016815,2.730550051,13750.61558,,,,,,,,
49,45,0.882143974,0.098171949,0.306894064,1.785290003,3.07249999,13686.29138,,,,,,,,
49,60,0.924738169,0.197916985,0.989249945,1.79434371,3.906248808,13830.35214,,,,,,,,
49,90,1.079249859,0.334792376,4.580705881,1.816889286,7.811637402,13931.36243,,,,,,,,
49,120,1.194335938,0.530091047,15.8303349,1.847706079,19.40246797,13897.72856,,,,,,,,
50,3,0.78788805,0.011312723,0.000478983,1.655763388,2.455443144,12902.6192,,,,,,,,
50,9,0.778305054,0.033928871,0.000730991,1.687612057,2.500576973,12983.71478,,,,,,,,
50,15,0.773211002,0.0397892,0.00428319,1.690846682,2.508130074,12994.79625,,,,,,,,
50,21,0.808936119,0.043288946,0.015149832,1.69671011,2.564085007,12998.48821,,,,,,,,
50,27,0.817969322,0.050049067,0.039641142,1.702043533,2.609703064,13006.58229,,,,,,,,
50,30,0.854099035,0.102669001,0.06615591,1.696601152,2.719525099,12997.14556,,,,,,,,
50,45,0.87878108,0.120012045,0.29744792,1.711320877,3.007561922,13009.98582,,,,,,,,
50,60,0.965705395,0.186968803,1.083675146,1.718654633,3.955003977,13068.4182,,,,,,,,
50,90,1.110183954,0.364843845,4.999171734,1.744359493,8.218559027,13097.72731,,,,,,,,
50,120,1.192739248,0.546809196,14.86368608,1.763350487,18.36658502,13108.00428,,,,,,,,
51,3,0.725147247,0.020788908,0.000503063,1.618790865,2.365230083,12638.96364,,,,,,,,
51,9,0.748270988,0.044787884,0.000867128,1.626588821,2.420514822,12652.16792,,,,,,,,
51,15,0.756479979,0.065046072,0.004766941,1.623929024,2.450222015,12684.07838,,,,,,,,
51,21,0.793925047,0.074398041,0.018253088,1.636578798,2.523154974,12691.10964,,,,,,,,
51,27,0.852473974,0.100560188,0.044887781,1.632815838,2.630737782,12812.87073,,,,,,,,
51,30,0.845436335,0.09410882,0.063116074,1.642993927,2.645655155,12732.46366,,,,,,,,
51,45,0.925063372,0.13538909,0.319545031,1.659233332,3.039230824,12916.77022,,,,,,,,
51,60,0.984115124,0.19147706,0.932831049,1.662546635,3.770969868,12846.36042,,,,,,,,
51,90,1.088760138,0.330350876,4.752728224,1.675696611,7.847535849,12902.60389,,,,,,,,
51,120,1.234811306,0.486492872,14.78506064,1.697416067,18.20378089,12937.01488,,,,,,,,
52,3,0.749315977,0.021710873,0.00041008,1.814209938,2.585646868,14724.50569,,,,,,,,
52,9,0.75287199,0.027304888,0.000748873,1.849286318,2.630212069,14781.20889,,,,,,,,
52,15,0.772919893,0.031621933,0.004687309,1.8587327,2.667961836,14791.81656,,,,,,,,
52,21,0.802305698,0.034917116,0.01478076,1.848710299,2.700713873,14781.23632,,,,,,,,
52,27,0.815097094,0.040379763,0.039469004,1.851809263,2.746755123,14784.93209,,,,,,,,
52,30,0.823666096,0.058913946,0.059691906,1.852224827,2.794496775,14763.49483,,,,,,,,
52,45,0.845952988,0.1032269,0.314280033,1.863744974,3.127204895,14896.53704,,,,,,,,
52,60,0.920955896,0.176162958,0.974897861,1.872305393,3.944322109,14875.64708,,,,,,,,
52,90,1.049381733,0.224246025,4.741716862,1.89546442,7.91080904,14896.07452,,,,,,,,
52,120,1.205203295,0.55680275,15.20695496,1.921827078,18.89078808,15052.58689,,,,,,,,
53,3,0.739750147,0.018164873,0.000314713,1.795015097,2.553244829,13293.62594,,,,,,,,
53,9,0.732857704,0.018676043,0.000733137,1.812736034,2.565002918,13226.72593,,,,,,,,
53,15,0.776437044,0.019828081,0.004277945,1.823461056,2.624004126,13244.33113,,,,,,,,
53,21,0.79557085,0.02530098,0.014936924,1.810173273,2.645982027,13221.21911,,,,,,,,
53,27,0.807828903,0.033680916,0.039722919,1.809408188,2.690640926,13230.6752,,,,,,,,
53,30,0.834290981,0.097173929,0.066219091,1.822652817,2.820336819,13482.50232,,,,,,,,
53,45,0.856923103,0.069298029,0.301047087,1.825731754,3.052999973,13314.15313,,,,,,,,
53,60,0.949022055,0.245537996,1.205135107,1.836398602,4.23609376,13361.85453,,,,,,,,
53,90,1.121021986,0.29798317,4.458709002,1.857960701,7.735674858,13358.24476,,,,,,,,
53,120,1.230898857,0.527397156,15.32876611,1.904920101,18.99198222,13392.31735,,,,,,,,
54,3,0.73859477,0.019699812,0.00032711,1.722285271,2.480906963,14374.34501,,,,,,,,
54,9,0.72779417,0.032300711,0.000748873,1.705471277,2.466315031,14423.35465,,,,,,,,
54,15,0.769795656,0.036453962,0.004299641,1.710573912,2.521123171,14400.19809,,,,,,,,
54,21,0.820811033,0.059273005,0.015818119,1.721741915,2.617644072,14412.41476,,,,,,,,
54,27,0.790784121,0.074800968,0.04443121,1.723760843,2.633777142,14455.01799,,,,,,,,
54,30,0.841939926,0.088539124,0.060032129,1.729685783,2.720196962,14715.18607,,,,,,,,
54,45,0.866025925,0.128371954,0.331094027,1.749111176,3.074603081,14545.12043,,,,,,,,
54,60,0.974866867,0.227068186,1.01484704,1.750872135,3.967654228,14681.8282,,,,,,,,
54,90,1.078227043,0.295068979,4.959248066,1.772990942,8.10553503,14738.01721,,,,,,,,
54,120,1.221562862,0.440487146,14.48622513,1.790358782,17.93863392,14634.18781,,,,,,,,
55,3,0.751838207,0.019982815,0.000315189,1.662948608,2.43508482,13886.9811,,,,,,,,
55,9,0.751929045,0.041758776,0.000870943,1.696827412,2.491386175,13882.4598,,,,,,,,
55,15,0.807837009,0.05560708,0.006258011,1.695353031,2.565055132,13946.93157,,,,,,,,
55,21,0.853353977,0.086847067,0.019623041,1.687011003,2.646835089,13913.23064,,,,,,,,
55,27,0.810466051,0.115962982,0.048054934,1.679750919,2.654234886,13960.77249,,,,,,,,
55,30,0.841686964,0.11179018,0.075351,1.688004971,2.716833115,13851.21447,,,,,,,,
55,45,0.89150095,0.11247921,0.307556152,1.693322659,3.004858971,13927.16891,,,,,,,,
55,60,0.995923042,0.171256781,0.915607929,1.708306313,3.791094065,13991.96048,,,,,,,,
55,90,1.122282028,0.296609163,4.940085888,1.731199741,8.090176821,13941.65016,,,,,,,,
55,120,1.21513176,0.557096958,15.23757219,1.748644114,18.75844502,14019.03374,,,,,,,,
56,3,0.734017134,0.018436909,0.000320196,1.73560977,2.488384008,10084.79579,,,,,,,,
56,9,0.788039207,0.017965078,0.000756264,1.729471445,2.536231995,10053.59732,,,,,,,,
56,15,0.765914202,0.037169933,0.00427103,1.748371124,2.55572629,10068.59713,,,,,,,,
56,21,0.797523737,0.072098017,0.017316818,1.734634638,2.62157321,10094.37626,,,,,,,,
56,27,0.817447901,0.079997063,0.044683933,1.742824793,2.68495369,10105.41085,,,,,,,,
56,30,0.808889866,0.079195261,0.062575102,1.73767066,2.688330889,10031.22984,,,,,,,,
56,45,0.872193098,0.12817812,0.31733489,1.748012781,3.065718889,10077.79954,,,,,,,,
56,60,0.946933031,0.230630875,1.044519186,1.763494015,3.985577106,10093.96425,,,,,,,,
56,90,1.069993258,0.307074785,4.933174849,1.770776987,8.081019878,10067.85338,,,,,,,,
56,120,1.178967953,0.498681784,15.44234014,1.815506458,18.93549633,10145.43669,,,,,,,,
57,3,0.729204893,0.023561954,0.000378847,1.585536242,2.338681936,11391.29988,,,,,,,,
57,9,0.750390053,0.025378704,0.000735044,1.585627079,2.36213088,11401.41847,,,,,,,,
57,15,0.751008749,0.022058964,0.004299879,1.603004217,2.380371809,11361.22049,,,,,,,,
57,21,0.800042868,0.068682194,0.016123772,1.59251833,2.477367163,11428.60979,,,,,,,,
57,27,0.808341026,0.069679022,0.044859171,1.588909864,2.511789083,11427.81277,,,,,,,,
57,30,0.851526022,0.088845015,0.063192844,1.570348024,2.573911905,11615.47923,,,,,,,,
57,45,0.882753849,0.149140835,0.355720282,1.603359938,2.990974903,11557.63594,,,,,,,,
57,60,0.926220894,0.19543314,0.97358489,1.635905266,3.73114419,11580.24625,,,,,,,,
57,90,1.019006252,0.393222332,4.918478727,1.63353157,7.964238882,11527.74761,,,,,,,,
57,120,1.220709085,0.596590996,15.40825319,1.668967724,18.894521,11649.39154,,,,,,,,
58,3,0.710915804,0.018876791,0.000351906,1.629289389,2.359433889,15636.77911,,,,,,,,
58,9,0.726950884,0.036856174,0.000810862,1.640908241,2.405526161,15558.07749,,,,,,,,
58,15,0.753562927,0.050467014,0.005007982,1.655798197,2.464836121,15588.96461,,,,,,,,
58,21,0.773531199,0.054856777,0.015039921,1.650258064,2.493685961,15540.65108,,,,,,,,
58,27,0.799428225,0.071106195,0.04408288,1.645431995,2.560049295,15624.20739,,,,,,,,
58,30,0.825098991,0.082542896,0.070050001,1.650858164,2.628550053,15640.96829,,,,,,,,
58,45,0.844059944,0.131629705,0.296623945,1.65842247,2.930736065,15541.19554,,,,,,,,
58,60,0.934743166,0.196242094,0.955883026,1.669257879,3.756126165,15646.54219,,,,,,,,
58,90,1.093056917,0.349568129,4.857918978,1.683717966,7.98426199,15702.87298,,,,,,,,
58,120,1.228166819,0.569879055,14.80563307,1.737313032,18.34099197,15675.02403,,,,,,,,
59,3,0.72002697,0.022735834,0.000356197,1.846835136,2.589954138,13531.84264,,,,,,,,
59,9,0.721735239,0.028939009,0.000828981,1.879152775,2.630656004,13542.80579,,,,,,,,
59,15,0.740727186,0.031646013,0.004624128,1.880730629,2.657727957,13558.02668,,,,,,,,
59,21,0.798898935,0.06812501,0.017023087,1.847695827,2.731742859,13538.50484,,,,,,,,
59,27,0.771619081,0.096399784,0.043862104,1.85204196,2.76392293,13556.64742,,,,,,,,
59,30,0.818113089,0.086606026,0.063265085,1.859778881,2.827763081,13662.17896,,,,,,,,
59,45,0.876783848,0.124276876,0.318447828,1.867977381,3.187485933,13570.83138,,,,,,,,
59,60,0.903631926,0.179147959,0.987618923,1.87843132,3.948830128,13645.26715,,,,,,,,
59,90,1.054162979,0.367611885,4.380997896,1.89867115,7.701443911,13679.32528,,,,,,,,
59,120,1.214612961,0.509888172,14.27190495,1.919541836,17.91594791,13723.13378,,,,,,,,
60,3,0.747358084,0.023321867,0.00052309,1.939373732,2.710576773,17305.25067,,,,,,,,
60,9,0.753712177,0.021548986,0.00072813,1.967049599,2.743038893,17235.56622,,,,,,,,
60,15,0.765563011,0.048376083,0.004698992,1.972460747,2.791098833,17253.88376,,,,,,,,
60,21,0.784760952,0.050572872,0.014940023,2.003088951,2.853362799,17268.51199,,,,,,,,
60,27,0.792959929,0.070258141,0.044371843,1.979814291,2.887404203,17272.68839,,,,,,,,
60,30,0.81319499,0.071669102,0.068372965,1.9718678,2.925104856,17240.57462,,,,,,,,
60,45,0.851429701,0.148252249,0.315891027,2.000689983,3.31626296,17319.4232,,,,,,,,
60,60,0.914677858,0.218728781,0.964744806,2.005373716,4.103525162,17398.34893,,,,,,,,
60,90,1.092397928,0.299451113,4.879126787,2.026867151,8.297842979,17428.70864,,,,,,,,
60,120,1.226550817,0.480576992,14.63204885,2.037174225,18.37635088,17579.47659,,,,,,,,
61,3,0.75149703,0.022501945,0.000292063,1.797765017,2.572056055,10737.65387,,,,,,,,
61,9,0.762665033,0.042140245,0.000954866,1.851473808,2.657233953,10752.37304,,,,,,,,
61,15,0.780628204,0.04640007,0.004164219,1.828210354,2.659402847,10750.81036,,,,,,,,
61,21,0.778239965,0.046761274,0.014817715,1.883707047,2.723526001,10742.60401,,,,,,,,
61,27,0.82220602,0.056393862,0.041860104,1.843245029,2.763705015,10801.37738,,,,,,,,
61,30,0.822977781,0.057420015,0.066424131,1.841995239,2.788817167,10761.18071,,,,,,,,
61,45,0.867714882,0.128236055,0.3182652,1.851106882,3.165323019,10838.83842,,,,,,,,
61,60,0.936692953,0.167361021,0.934163094,1.874087811,3.912304878,10847.4088,,,,,,,,
61,90,1.079267025,0.330638885,4.75365591,1.886203289,8.04976511,10887.15133,,,,,,,,
61,120,1.231317043,0.513370991,14.95234013,1.896620035,18.5936482,10917.85721,,,,,,,,
62,3,0.715529203,0.010828018,0.000295162,1.603265762,2.329918146,11693.45969,,,,,,,,
62,9,0.729125977,0.034811735,0.000731945,1.607988358,2.372658014,11739.18676,,,,,,,,
62,15,0.761519194,0.022995949,0.0041852,1.632458925,2.421159267,11704.96425,,,,,,,,
62,21,0.781496048,0.037657022,0.01475215,1.616437674,2.450342894,11767.16142,,,,,,,,
62,27,0.815364122,0.038910151,0.039729834,1.626280785,2.520284891,11688.11401,,,,,,,,
62,30,0.817692041,0.043008089,0.061968803,1.63774395,2.560412884,11685.44256,,,,,,,,
62,45,0.904715061,0.101431131,0.319173813,1.633532047,2.958852053,11755.95275,,,,,,,,
62,60,0.966761112,0.156391859,0.955322742,1.648853302,3.727329016,11767.39062,,,,,,,,
62,90,1.076308966,0.375432968,5.518398285,1.686623573,8.656763792,11785.99877,,,,,,,,
62,120,1.222837925,0.535145998,15.70010591,1.695340157,19.15342999,11815.21468,,,,,,,,
63,3,0.75724411,0.011449814,0.000518799,1.736975431,2.506188154,12850.94452,,,,,,,,
63,9,0.738818884,0.011920214,0.000797987,1.740795135,2.49233222,12848.60179,,,,,,,,
63,15,0.777083158,0.050449848,0.004556179,1.748834848,2.580924034,12909.56738,,,,,,,,
63,21,0.805664063,0.026212215,0.014987946,1.751271963,2.598136187,12899.7033,,,,,,,,
63,27,0.801845789,0.049641371,0.041711092,1.75291276,2.646111012,12890.79661,,,,,,,,
63,30,0.819897175,0.118423939,0.071726084,1.764042616,2.774089813,13098.51628,,,,,,,,
63,45,0.890300274,0.106393814,0.30794692,1.770255089,3.074896097,12937.74132,,,,,,,,
63,60,0.927886963,0.261742115,1.046566963,1.782736301,4.018932343,13157.23025,,,,,,,,
63,90,1.040396214,0.336839914,4.774115086,1.805289745,7.956640959,13154.93558,,,,,,,,
63,120,1.205020189,0.552661896,15.10588217,1.818081856,18.68164611,13254.23582,,,,,,,,
64,3,0.762417078,0.020055056,0.000351191,1.815455675,2.598278999,15736.75129,,,,,,,,
64,9,0.764547825,0.039142132,0.001060009,1.808205128,2.612955093,15751.26399,,,,,,,,
64,15,0.778551102,0.0559659,0.005485058,1.816738129,2.656740189,15707.5676,,,,,,,,
64,21,0.790829182,0.076634884,0.016031027,1.820110083,2.703605175,15735.21771,,,,,,,,
64,27,0.832056046,0.084532022,0.044553041,1.819262743,2.780403852,15793.11543,,,,,,,,
64,30,0.851701021,0.072055101,0.061893225,1.836348534,2.821997881,15889.34446,,,,,,,,
64,45,0.864759922,0.126335859,0.325470924,1.833695412,3.150262117,15846.68034,,,,,,,,
64,60,0.937219858,0.198024988,0.985020161,1.848880291,3.969145298,15894.5135,,,,,,,,
64,90,1.021174908,0.326827765,5.037206888,1.897638321,8.282847881,15779.64942,,,,,,,,
64,120,1.186793089,0.519616127,14.24525213,1.902166605,17.85382795,15815.16199,,,,,,,,
65,3,0.740090132,0.01023221,0.000319004,1.800502539,2.551143885,13179.70974,,,,,,,,
65,9,0.74136281,0.04278183,0.000756979,1.802254438,2.587156057,13269.09249,,,,,,,,
65,15,0.771692991,0.055045843,0.004631042,1.809430122,2.640799999,13267.74223,,,,,,,,
65,21,0.772652149,0.073410034,0.015137196,1.815407991,2.67660737,13291.69993,,,,,,,,
65,27,0.807963848,0.082238197,0.046591997,1.815067053,2.751861095,13278.87417,,,,,,,,
65,30,0.834363937,0.125380993,0.081579208,1.812110662,2.853434801,13241.52854,,,,,,,,
65,45,0.853925228,0.14467001,0.31900382,1.822988033,3.140587091,13335.59058,,,,,,,,
65,60,0.936362982,0.21992898,0.966121197,1.838851929,3.961265087,13319.74848,,,,,,,,
65,90,1.065802097,0.375837803,4.803144932,1.8576231,8.102407932,13353.88043,,,,,,,,
65,120,1.244920969,0.52837801,14.83611798,1.844399929,18.45381689,13380.41498,,,,,,,,
66,3,0.722593069,0.01965785,0.000337839,1.704663277,2.447252035,12574.44566,,,,,,,,
66,9,0.76535511,0.03750205,0.000746012,1.684798956,2.488402128,12591.64964,,,,,,,,
66,15,0.762727261,0.064118862,0.004319906,1.698758841,2.52992487,12576.93747,,,,,,,,
66,21,0.775214911,0.068552017,0.016723156,1.680505991,2.540996075,12574.9104,,,,,,,,
66,27,0.828466177,0.088042021,0.046784878,1.690660954,2.653954029,12682.11461,,,,,,,,
66,30,0.819566965,0.111793041,0.072369814,1.696193933,2.699923754,12597.90662,,,,,,,,
66,45,0.877843857,0.16302371,0.307762861,1.704129696,3.052760124,12649.91726,,,,,,,,
66,60,0.948953152,0.191152811,1.006558895,1.710516214,3.857181072,12673.93817,,,,,,,,
66,90,1.090588808,0.329746962,4.703902006,1.732314587,7.856552362,12684.75838,,,,,,,,
66,120,1.217784166,0.533247948,14.59404969,1.763779402,18.10886121,12784.48478,,,,,,,,
67,3,0.767285585,0.019724846,0.000320196,1.645859241,2.433189869,11572.19199,,,,,,,,
67,9,0.768501043,0.016319036,0.000710249,1.634184599,2.419714928,11537.02822,,,,,,,,
67,15,0.806106091,0.052325964,0.005537987,1.644911051,2.508881092,11648.89472,,,,,,,,
67,21,0.825083971,0.071625233,0.0178442,1.648161411,2.562714815,11681.62953,,,,,,,,
67,27,0.818937778,0.09574914,0.047780752,1.649499416,2.611967087,11616.13319,,,,,,,,
67,30,0.823935986,0.10326004,0.076848745,1.712864161,2.716908932,11431.06848,,,,,,,,
67,45,0.896919966,0.125922203,0.297248125,1.672632694,2.992722988,11445.58346,,,,,,,,
67,60,0.941411018,0.214347124,0.950911999,1.682502747,3.789172888,11564.74073,,,,,,,,
67,90,1.059588194,0.357258797,4.792108774,1.702484131,7.911439896,11561.0063,,,,,,,,
67,120,1.182446241,0.503797054,14.35892606,1.739713669,17.78488302,11743.02275,,,,,,,,
68,3,0.749005079,0.024363041,0.000329971,1.69191885,2.465616941,13365.35227,,,,,,,,
68,9,0.76409483,0.02553916,0.000950098,1.662516594,2.453100681,13446.21991,,,,,,,,
68,15,0.765749216,0.058772087,0.004308224,1.67266345,2.501492977,13405.2372,,,,,,,,
68,21,0.802293301,0.076656103,0.016586065,1.666407585,2.561943054,13455.81991,,,,,,,,
68,27,0.828531981,0.083261013,0.041593075,1.70635891,2.659744978,13477.23528,,,,,,,,
68,30,0.829733849,0.090380907,0.062423706,1.678996563,2.661535025,13355.25548,,,,,,,,
68,45,0.874130011,0.120212078,0.312132835,1.681149006,2.98762393,13493.72821,,,,,,,,
68,60,0.910189867,0.224234819,1.041638851,1.716427565,3.892491102,13445.37017,,,,,,,,
68,90,1.028245926,0.320747137,4.567497015,1.737073898,7.653563976,13462.28621,,,,,,,,
68,120,1.215506792,0.521152973,15.2364769,1.772462368,18.74559903,13511.50543,,,,,,,,
69,3,0.73630476,0.020584106,0.000485182,1.669230938,2.426604986,11461.30231,,,,,,,,
69,9,0.768030167,0.04782486,0.000853062,1.675868988,2.492577076,11497.72361,,,,,,,,
69,15,0.772680998,0.051044226,0.00521493,1.692642927,2.52158308,11535.96259,,,,,,,,
69,21,0.811005831,0.066457272,0.017109871,1.685552359,2.580125332,11486.3675,,,,,,,,
69,27,0.808852911,0.069959879,0.045956135,1.684242964,2.609011889,11477.07141,,,,,,,,
69,30,0.848904848,0.111324787,0.0689888,1.682494402,2.711712837,11587.75975,,,,,,,,
69,45,0.887315989,0.124023676,0.296726227,1.70213294,3.010198832,11478.28468,,,,,,,,
69,60,0.93209815,0.259148121,1.013257265,1.702320337,3.906823874,11703.73401,,,,,,,,
69,90,1.047150135,0.388837814,5.15367794,1.718625784,8.308291674,11692.72677,,,,,,,,
69,120,1.232801914,0.51224494,15.171731,1.754735231,18.67151308,11634.97924,,,,,,,,
70,3,0.749977827,0.022590876,0.000348091,1.729342222,2.502259016,14829.72877,,,,,,,,
70,9,0.763954163,0.040627003,0.000858068,1.743837595,2.549276829,14815.86713,,,,,,,,
70,15,0.78239727,0.062577963,0.004318953,1.736402988,2.585697174,14871.90696,,,,,,,,
70,21,0.803497076,0.089529991,0.017174006,1.737206697,2.64740777,14837.78666,,,,,,,,
70,27,0.805961847,0.119875669,0.042358875,1.742829561,2.711025953,14877.05736,,,,,,,,
70,30,0.812292099,0.072118044,0.062156916,1.750403881,2.69697094,14961.00716,,,,,,,,
70,45,0.886461973,0.12675786,0.318986893,1.75668025,3.088886976,14920.3765,,,,,,,,
70,60,0.994477034,0.179012775,0.909245253,1.763456821,3.846191883,14968.74073,,,,,,,,
70,90,1.098537922,0.343607903,4.692687035,1.817765951,7.95259881,15039.03948,,,,,,,,
70,120,1.197906971,0.531655073,14.50680232,1.840065479,18.07642984,15148.62333,,,,,,,,
71,3,0.750534773,0.012016058,0.000360966,1.694457293,2.457369089,12284.1065,,,,,,,,
71,9,0.752399921,0.03992486,0.000854015,1.689916849,2.483095646,12329.14971,,,,,,,,
71,15,0.735850096,0.042366982,0.005341053,1.716850042,2.500408173,12361.48477,,,,,,,,
71,21,0.767265081,0.06077528,0.017076969,1.695830584,2.540947914,12332.68852,,,,,,,,
71,27,0.791511774,0.072391272,0.04190588,1.701001883,2.606810808,12352.5,,,,,,,,
71,30,0.83506918,0.044133902,0.059273005,1.701015711,2.639491796,12247.29107,,,,,,,,
71,45,0.875185251,0.112558842,0.303312302,1.712621927,3.003678322,12394.80549,,,,,,,,
71,60,0.942306757,0.259952068,0.954414845,1.719845533,3.876519203,12316.36747,,,,,,,,
71,90,1.030428886,0.328216791,4.689381123,1.735645294,7.783672094,12395.53138,,,,,,,,
71,120,1.226374149,0.460581064,14.36109304,1.756156921,17.80420518,12432.29978,,,,,,,,
72,3,0.751348972,0.023416758,0.000349998,1.776015997,2.551131725,14397.3445,,,,,,,,
72,9,0.756934166,0.021705151,0.000736952,1.780416727,2.559792995,14402.91062,,,,,,,,
72,15,0.768033028,0.03254199,0.004745007,1.792541742,2.597861767,14455.78409,,,,,,,,
72,21,0.811552048,0.036990166,0.015055895,1.784754992,2.6483531,14470.91295,,,,,,,,
72,27,0.837309837,0.041934967,0.042308092,1.791433096,2.712985992,14467.18311,,,,,,,,
72,30,0.859103918,0.123661995,0.061980963,1.791393995,2.836140871,14438.60348,,,,,,,,
72,45,0.864484072,0.103700161,0.308870792,1.801783562,3.078838587,14508.08713,,,,,,,,
72,60,0.998789072,0.183407784,0.978935003,1.811578989,3.972710848,14510.3447,,,,,,,,
72,90,1.070024967,0.332553864,4.62312603,1.853001118,7.878705978,14495.00648,,,,,,,,
72,120,1.221771002,0.51517415,14.43112183,1.854547024,18.022614,14637.21035,,,,,,,,
73,3,0.772598743,0.024567127,0.000387192,1.734592915,2.532145977,16349.12788,,,,,,,,
73,9,0.768168926,0.023468018,0.000743151,1.734895945,2.527276039,16237.21729,,,,,,,,
73,15,0.785932779,0.023855925,0.004283905,1.756895304,2.570967913,16272.21759,,,,,,,,
73,21,0.80693388,0.083975792,0.017193794,1.755517483,2.663620949,16334.469,,,,,,,,
73,27,0.839823961,0.089789152,0.048453808,1.7530303,2.731097221,16347.3214,,,,,,,,
73,30,0.853106976,0.085808992,0.06634593,1.74756813,2.752830029,16249.30813,,,,,,,,
73,45,0.889370918,0.115763187,0.296710014,1.770798922,3.072643042,16311.506,,,,,,,,
73,60,0.947648048,0.217373133,0.974611282,1.768341541,3.907974005,16317.04577,,,,,,,,
73,90,1.071527958,0.342636108,4.801306248,1.789515734,8.004986048,16353.98853,,,,,,,,
73,120,1.243041039,0.511269093,15.46651196,1.808658123,19.02948022,16464.29772,,,,,,,,
74,3,0.771726847,0.023673296,0.000330925,1.746603012,2.54233408,12057.01027,,,,,,,,
74,9,0.73611021,0.02067709,0.000724077,1.750378609,2.507889986,12054.96976,,,,,,,,
74,15,0.76893115,0.059307098,0.005208015,1.756068707,2.589514971,12120.97513,,,,,,,,
74,21,0.812097073,0.095211983,0.016772032,1.76997304,2.694054127,12152.52047,,,,,,,,
74,27,0.824536085,0.071629047,0.04030633,1.767113686,2.703585148,12075.75328,,,,,,,,
74,30,0.821411133,0.082263947,0.06291914,1.779272795,2.745867014,12105.67398,,,,,,,,
74,45,0.852700949,0.120012999,0.299324989,1.790463924,3.062502861,12091.24211,,,,,,,,
74,60,0.958791971,0.233226061,1.055444002,1.788116932,4.035578966,12229.01061,,,,,,,,
74,90,1.040124893,0.390626192,4.753323078,1.81289196,7.996966124,12227.50527,,,,,,,,
74,120,1.19541502,0.591397762,15.17003512,1.793695211,18.75054312,12269.86081,,,,,,,,
75,3,0.750865936,0.023728132,0.000355721,1.796561956,2.571511745,15323.08313,,,,,,,,
75,9,0.737366915,0.043709278,0.001043081,1.791558504,2.573677778,15322.99251,,,,,,,,
75,15,0.768527031,0.048567057,0.004310131,1.796420813,2.617825031,15354.84958,,,,,,,,
75,21,0.78729105,0.088937044,0.018370152,1.804411888,2.699010134,15367.38114,,,,,,,,
75,27,0.798554897,0.113689184,0.04903698,1.80749774,2.768778801,15377.68508,,,,,,,,
75,30,0.809102058,0.059922934,0.061686754,1.81692934,2.747641087,15642.39528,,,,,,,,
75,45,0.922299862,0.128604889,0.328335047,1.834319115,3.213558912,15627.65737,,,,,,,,
75,60,1.023709059,0.143740892,0.928960085,1.87743187,3.973841906,15709.4486,,,,,,,,
75,90,1.159878969,0.372908115,4.815556765,1.861739397,8.210083246,15754.04398,,,,,,,,
75,120,1.221247911,0.55241394,16.01446676,1.893273592,19.68140221,15796.03218,,,,,,,,
76,3,0.779896736,0.020807266,0.000348091,1.736253738,2.537305832,13870.78976,,,,,,,,
76,9,0.799301147,0.019343138,0.000751257,1.764068365,2.583463907,13831.78081,,,,,,,,
76,15,0.798458099,0.021225929,0.004216909,1.756535053,2.580435991,13844.8404,,,,,,,,
76,21,0.804940939,0.073597908,0.019626141,1.789191008,2.687355995,13915.39676,,,,,,,,
76,27,0.844343185,0.078643084,0.045767069,1.779081583,2.747834921,13936.83019,,,,,,,,
76,30,0.85573411,0.09642601,0.063159943,1.778226852,2.793546915,14104.59761,,,,,,,,
76,45,0.876339912,0.159317017,0.361265182,1.787797928,3.184720039,13970.11016,,,,,,,,
76,60,0.948344946,0.190564871,1.027085066,1.814988136,3.980983019,14149.937,,,,,,,,
76,90,1.1065979,0.256763935,4.537433147,1.819942951,7.720737934,14076.71469,,,,,,,,
76,120,1.25456214,0.538579941,14.39642119,1.870129585,18.05969286,14239.72992,,,,,,,,
77,3,0.762909174,0.020460844,0.000388145,1.618042946,2.401801109,12985.95143,,,,,,,,
77,9,0.756910086,0.039209366,0.000837803,1.607324839,2.404282093,13049.41299,,,,,,,,
77,15,0.794852018,0.041414976,0.004867077,1.613838673,2.454972744,13032.56674,,,,,,,,
77,21,0.8054111,0.042760849,0.015244961,1.631937265,2.495354176,12978.08806,,,,,,,,
77,27,0.806200981,0.103047132,0.041986704,1.620168209,2.571403027,13005.72577,,,,,,,,
77,30,0.811578751,0.112880945,0.068969011,1.625186443,2.61861515,13019.74003,,,,,,,,
77,45,0.91292882,0.194193125,0.351054668,1.633285522,3.091462135,12999.40271,,,,,,,,
77,60,0.982172012,0.244327068,0.985044003,1.714643717,3.9261868,13190.04167,,,,,,,,
77,90,1.126132965,0.363139868,4.915866137,1.663105011,8.06824398,13298.31031,,,,,,,,
77,120,1.254949093,0.557617903,15.8369,1.679880142,19.32934713,13352.4447,,,,,,,,
78,3,0.783252954,0.011675119,0.000336885,1.608911276,2.404176235,9268.339111,,,,,,,,
78,9,0.75544405,0.040419817,0.000883102,1.613228083,2.409975052,9279.895361,,,,,,,,
78,15,0.801923752,0.066118956,0.005895376,1.617950916,2.491889,9324.252483,,,,,,,,
78,21,0.814990044,0.086221218,0.017615795,1.617141962,2.535969019,9311.692361,,,,,,,,
78,27,0.823585987,0.073006153,0.037955999,1.637058973,2.571607113,9362.853542,,,,,,,,
78,30,0.868177891,0.094608068,0.065640926,1.628880262,2.657307148,9407.749987,,,,,,,,
78,45,0.905659914,0.134820223,0.297859907,1.636772871,2.975112915,9392.1409,,,,,,,,
78,60,0.950003862,0.122004986,0.950153112,1.650464058,3.672626019,9351.797888,,,,,,,,
78,90,1.078821898,0.31558609,4.644026279,1.657906771,7.696341038,9420.244328,,,,,,,,
78,120,1.216473818,0.508625984,15.34759498,1.681179047,18.75387383,9469.105818,,,,,,,,
79,3,0.746891022,0.010962963,0.000545979,1.797757149,2.556157112,14790.34556,,,,,,,,
79,9,0.739654064,0.0108459,0.000711918,1.790223837,2.541435719,14788.65128,,,,,,,,
79,15,0.787025928,0.016582966,0.004621029,1.791789055,2.600018978,14811.06612,,,,,,,,
79,21,0.781739712,0.024373055,0.014852047,1.79583621,2.616801023,14830.67885,,,,,,,,
79,27,0.796893835,0.0456388,0.039911985,1.814097166,2.696541786,14878.9707,,,,,,,,
79,30,0.793282032,0.088583946,0.063238859,1.83067894,2.775783777,15170.08941,,,,,,,,
79,45,0.89337492,0.129465103,0.307902098,1.812766314,3.143508434,14890.51081,,,,,,,,
79,60,0.943677902,0.174510002,1.015074253,1.819028854,3.952291012,15174.12237,,,,,,,,
79,90,1.045149803,0.304759741,4.616184235,1.842525244,7.808619022,15335.47021,,,,,,,,
79,120,1.205431938,0.544122219,14.34498215,1.849484682,17.94402099,15321.08923,,,,,,,,
80,3,0.746845961,0.024676085,0.000375032,1.691394806,2.463291883,13488.31423,,,,,,,,
80,9,0.733283043,0.02750802,0.000731945,1.69718194,2.458704948,13520.48184,,,,,,,,
80,15,0.774977922,0.037089109,0.005458117,1.702767849,2.520292997,13538.8278,,,,,,,,
80,21,0.789831877,0.036867142,0.014980793,1.713831186,2.555510998,13619.57692,,,,,,,,
80,27,0.822967052,0.047947884,0.039643049,1.70959568,2.620153666,13653.12213,,,,,,,,
80,30,0.796841145,0.127720833,0.068540812,1.720476151,2.713578939,13643.08455,,,,,,,,
80,45,0.897125959,0.125047207,0.32273984,1.722057819,3.066970825,13603.92062,,,,,,,,
80,60,0.926865816,0.233580112,0.976357222,1.750236988,3.887040138,13596.63251,,,,,,,,
80,90,1.028227091,0.354512215,4.997184992,1.75099659,8.130920887,13708.67933,,,,,,,,
80,120,1.211521626,0.499026299,13.88791203,1.771350145,17.3698101,13710.92406,,,,,,,,
81,3,0.760132074,0.020822048,0.000329018,1.661734819,2.44301796,11220.99821,,,,,,,,
81,9,0.759422064,0.037996054,0.000968933,1.671728849,2.4701159,11209.94739,,,,,,,,
81,15,0.799423933,0.040365934,0.004212141,1.66268611,2.506688118,11236.04566,,,,,,,,
81,21,0.825403214,0.040949345,0.014734745,1.659187555,2.540274858,11234.08985,,,,,,,,
81,27,0.859186888,0.069097042,0.039802313,1.66639781,2.634484053,11243.30676,,,,,,,,
81,30,0.833392143,0.062893152,0.059748173,1.673036575,2.629070044,11165.75296,,,,,,,,
81,45,0.876007795,0.117738008,0.299833775,1.736180305,3.029759884,11348.65931,,,,,,,,
81,60,0.977366924,0.166396856,0.999013186,1.68502903,3.827805996,11351.13394,,,,,,,,
81,90,1.065036058,0.338993788,5.047814846,1.710183144,8.162027836,11320.76406,,,,,,,,
81,120,1.198498964,0.490132093,14.31219006,1.726256609,17.72707772,11391.16111,,,,,,,,
82,3,0.744137287,0.011013269,0.000343084,1.83126235,2.586755991,17124.32727,,,,,,,,
82,9,0.765338898,0.029006004,0.000730753,1.834607601,2.629683256,17168.5949,,,,,,,,
82,15,0.781638861,0.040789843,0.004210949,1.873778343,2.700417995,17180.42947,,,,,,,,
82,21,0.810414076,0.038976908,0.014806986,1.849040031,2.713238001,17172.66609,,,,,,,,
82,27,0.800119162,0.047752142,0.03952527,1.842975616,2.73037219,17218.30814,,,,,,,,
82,30,0.823824883,0.037334919,0.061776876,1.840476513,2.763413191,17206.44222,,,,,,,,
82,45,0.903306007,0.09186101,0.30116725,1.896728039,3.193062305,17192.54142,,,,,,,,
82,60,0.951426029,0.25199604,1.007714272,1.888488531,4.099624872,17376.38888,,,,,,,,
82,90,1.077612162,0.343394041,4.753739834,1.887713909,8.062459946,17375.09267,,,,,,,,
82,120,1.171885252,0.543086767,14.48221803,1.904855967,18.10204601,17399.04274,,,,,,,,
83,3,0.722846031,0.011168957,0.000319958,1.626566887,2.360901833,11085.59225,,,,,,,,
83,9,0.754365921,0.028744936,0.000812054,1.625857115,2.409780025,11149.34945,,,,,,,,
83,15,0.752244949,0.053192139,0.00514102,1.624359608,2.434937716,11111.01137,,,,,,,,
83,21,0.763870001,0.064936161,0.017066002,1.642942905,2.488815069,11113.68176,,,,,,,,
83,27,0.803659916,0.06893611,0.043529034,1.637025833,2.553150892,11107.08224,,,,,,,,
83,30,0.840416908,0.077218056,0.061419964,1.639377832,2.61843276,11120.90713,,,,,,,,
83,45,0.862964869,0.100375175,0.310653925,1.643698215,2.917692184,11149.44921,,,,,,,,
83,60,0.915010929,0.167618036,0.955079079,1.675817966,3.713526011,11094.04987,,,,,,,,
83,90,1.055499077,0.337875128,4.590739012,1.679133892,7.663247108,11250.10671,,,,,,,,
83,120,1.201870203,0.545859098,14.52417207,1.671979666,17.94388103,11310.44672,,,,,,,,
84,3,0.77967,0.020094156,0.000482082,1.592440844,2.392687082,12618.2928,,,,,,,,
84,9,0.755965948,0.025279045,0.000807047,1.596939087,2.378991127,12591.06888,,,,,,,,
84,15,0.798617125,0.02708292,0.004201889,1.604855061,2.434756994,12625.62027,,,,,,,,
84,21,0.81576705,0.046060085,0.017776966,1.603621006,2.483225107,12634.96684,,,,,,,,
84,27,0.801847696,0.054325819,0.041989803,1.627873659,2.526036978,12623.31071,,,,,,,,
84,30,0.828380823,0.068326712,0.059336185,1.612840652,2.568884373,12512.14225,,,,,,,,
84,45,0.872724056,0.144236088,0.305017948,1.618549824,2.940527916,12542.49351,,,,,,,,
84,60,0.927881002,0.179736137,0.885442019,1.636668921,3.629728079,12570.74175,,,,,,,,
84,90,1.091145277,0.300571918,4.613567829,1.669389009,7.674674034,12666.17935,,,,,,,,
84,120,1.226341724,0.499463081,13.69503188,1.668732405,17.08956909,12710.34243,,,,,,,,
85,3,0.746788025,0.021792173,0.000346184,1.642837763,2.411764145,11573.81313,,,,,,,,
85,9,0.744371176,0.020763874,0.000726938,1.624077082,2.38993907,11540.14974,,,,,,,,
85,15,0.765382767,0.06362319,0.004606962,1.635682106,2.469295025,11577.32832,,,,,,,,
85,21,0.807534933,0.083707094,0.014870882,1.638538122,2.544651031,11593.48723,,,,,,,,
85,27,0.805104256,0.115700006,0.043661833,1.638166904,2.602632999,11588.50947,,,,,,,,
85,30,0.789515972,0.057583094,0.058728218,1.642926693,2.548753977,11548.64796,,,,,,,,
85,45,0.868207932,0.121005058,0.298193932,1.657278061,2.944684982,11591.91339,,,,,,,,
85,60,0.937190294,0.162392855,0.957474232,1.660550356,3.717607737,11589.02469,,,,,,,,
85,90,1.082545757,0.294918776,4.791745186,1.670675278,7.839884996,11606.6135,,,,,,,,
85,120,1.21559906,0.499486923,13.99653411,1.702798843,17.41441894,11606.25404,,,,,,,,
86,3,0.738701105,0.011708975,0.000344276,1.616513729,2.367268085,11720.04931,,,,,,,,
86,9,0.724331141,0.026903868,0.000839949,1.642472982,2.394547939,11817.59312,,,,,,,,
86,15,0.740062952,0.027737856,0.004210949,1.634099245,2.406111002,11727.38442,,,,,,,,
86,21,0.739176035,0.041702032,0.014555931,1.629572868,2.425006866,11792.28323,,,,,,,,
86,27,0.774248123,0.048520803,0.042371035,1.63730216,2.502442122,11746.86703,,,,,,,,
86,30,0.842288256,0.096422911,0.058322906,1.637595892,2.634629965,11599.64001,,,,,,,,
86,45,0.833746195,0.111665249,0.329188824,1.645534515,2.920134783,11726.02963,,,,,,,,
86,60,0.97035408,0.174350739,0.930992126,1.66166687,3.737363815,11611.90745,,,,,,,,
86,90,1.066813946,0.316877127,4.741856098,1.712030888,7.837578058,11784.09169,,,,,,,,
86,120,1.336599112,0.499845028,14.74919605,1.722052813,18.307693,11936.62112,,,,,,,,
87,3,0.73982811,0.019542933,0.000359774,1.568031311,2.327762127,11414.27201,,,,,,,,
87,9,0.767416,0.041844845,0.001114845,1.581297398,2.391673088,11403.00517,,,,,,,,
87,15,0.761009216,0.055226803,0.005166054,1.599597931,2.421000004,11436.54788,,,,,,,,
87,21,0.791962862,0.058392048,0.018568993,1.584573984,2.453497887,11446.97519,,,,,,,,
87,27,0.830420971,0.071322918,0.044462204,1.597992182,2.544198275,11459.56234,,,,,,,,
87,30,0.78476119,0.076401949,0.065920115,1.589560986,2.516644239,11390.97129,,,,,,,,
87,45,0.89804101,0.12063098,0.300196171,1.622251749,2.941119909,11408.81535,,,,,,,,
87,60,0.960150957,0.194454908,1.028961897,1.612614155,3.796181917,11321.15888,,,,,,,,
87,90,1.067853928,0.266007185,5.013688087,1.630545855,7.978095055,11461.647,,,,,,,,
87,120,1.21968627,0.502573729,15.06959009,1.773102999,18.56495309,11588.71918,,,,,,,,
88,3,0.804442883,0.012582302,0.000396967,1.672112703,2.489534855,13923.51954,,,,,,,,
88,9,0.799314022,0.038541079,0.001034021,1.648288727,2.487177849,13999.92974,,,,,,,,
88,15,0.806772947,0.051825047,0.004798889,1.658741951,2.522138834,14099.36537,,,,,,,,
88,21,0.802856922,0.063670158,0.01928091,1.637969971,2.523777962,14112.64774,,,,,,,,
88,27,0.845352888,0.068058968,0.044841051,1.646673203,2.604926109,14098.93321,,,,,,,,
88,30,0.817939997,0.060792685,0.065821886,1.655504465,2.600059032,14028.87515,,,,,,,,
88,45,0.914547205,0.123359203,0.316028118,1.659808636,3.013743162,14074.54328,,,,,,,,
88,60,0.948090076,0.234549046,1.005072117,1.670334578,3.858045816,14069.29845,,,,,,,,
88,90,1.071229935,0.366572142,4.832619905,1.690262079,7.960684061,14114.55231,,,,,,,,
88,120,1.237221718,0.590834856,16.19859505,1.704445124,19.73109674,14233.9727,,,,,,,,
89,3,0.76560998,0.02085495,0.000333071,1.68223691,2.46903491,13967.09259,,,,,,,,
89,9,0.751006842,0.029680014,0.000932217,1.698900223,2.480519295,13967.98233,,,,,,,,
89,15,0.793545008,0.046228886,0.004773855,1.680095196,2.524642944,13976.60292,,,,,,,,
89,21,0.781628132,0.048559666,0.015556097,1.680125237,2.525869131,13993.80066,,,,,,,,
89,27,0.824120045,0.071156025,0.040391922,1.683348894,2.619016886,14053.8682,,,,,,,,
89,30,0.852950096,0.069704056,0.065901041,1.715794563,2.704349756,14091.16464,,,,,,,,
89,45,0.885527849,0.141374111,0.314229965,1.703197002,3.044328928,14023.99823,,,,,,,,
89,60,0.94279027,0.230484009,0.920130014,1.728249788,3.821654081,14081.05594,,,,,,,,
89,90,1.035948992,0.392446995,4.752697945,1.728653908,7.909747839,14199.7272,,,,,,,,
89,120,1.225766182,0.592784882,14.97128296,1.748846054,18.53868008,14307.15408,,,,,,,,
90,3,0.733430147,0.010394812,0.000324011,1.689585924,2.433734894,12858.42861,,,,,,,,
90,9,0.744880915,0.036921263,0.000813723,1.702404022,2.485019922,12891.46263,,,,,,,,
90,15,0.756908178,0.049966812,0.004730225,1.714148998,2.525754213,12924.69233,,,,,,,,
90,21,0.776958942,0.056478024,0.016155005,1.691442966,2.541034937,12958.05275,,,,,,,,
90,27,0.84350419,0.060439825,0.042672157,1.705273867,2.651890039,12976.94761,,,,,,,,
90,30,0.829192877,0.072437048,0.060275316,1.712011099,2.67391634,12942.13516,,,,,,,,
90,45,0.897482157,0.100030899,0.311341047,1.722056866,3.030910969,13022.77484,,,,,,,,
90,60,0.960500956,0.153405905,0.950891972,1.731981277,3.796780109,13018.01531,,,,,,,,
90,90,1.061273813,0.33698988,4.67437315,1.773272276,7.845909119,13038.18814,,,,,,,,
90,120,1.194576025,0.504110098,14.88892794,1.76841116,18.35602522,13108.50814,,,,,,,,
91,3,0.760948181,0.011640787,0.000555038,1.641123772,2.414267778,13317.97902,,,,,,,,
91,9,0.75258708,0.039153337,0.000868797,1.641103745,2.433712959,13311.5117,,,,,,,,
91,15,0.800203085,0.040945292,0.004611969,1.647259474,2.493019819,13329.14607,,,,,,,,
91,21,0.773719072,0.072257996,0.016932726,1.651442051,2.514351845,13369.6417,,,,,,,,
91,27,0.787368059,0.061714888,0.039387941,1.672234297,2.560705185,13396.28782,,,,,,,,
91,30,0.841444016,0.109566927,0.066812754,1.660321951,2.678145647,13327.20125,,,,,,,,
91,45,0.879809141,0.129038095,0.303508997,1.675014734,2.987370968,13442.98631,,,,,,,,
91,60,0.95598197,0.173815966,0.988044977,1.686808109,3.804651022,13383.40845,,,,,,,,
91,90,1.066416264,0.328595877,4.937964916,1.713680744,8.046657801,13490.96636,,,,,,,,
91,120,1.239942789,0.564707279,14.33960986,1.730523109,17.87478304,13562.95004,,,,,,,,
92,3,0.761482,0.011658907,0.000350952,1.931502104,2.704993963,13895.90236,,,,,,,,
92,9,0.781261683,0.038239002,0.000848055,1.942143202,2.762491941,13914.711,,,,,,,,
92,15,0.777647972,0.045970917,0.005520821,1.945525169,2.774664879,14007.70294,,,,,,,,
92,21,0.805188179,0.056301117,0.015968323,1.96068716,2.838144779,13995.38929,,,,,,,,
92,27,0.842203856,0.084015131,0.046504974,1.931824923,2.904548883,13928.95663,,,,,,,,
92,30,0.800940037,0.069002151,0.08591795,1.935324669,2.891184807,13997.70804,,,,,,,,
92,45,0.85837698,0.100027084,0.300945997,1.963847876,3.223197937,13977.51957,,,,,,,,
92,60,0.926597118,0.174038887,1.025103092,1.960868835,4.086607933,14016.9318,,,,,,,,
92,90,1.062566996,0.317652941,4.824311018,1.977671862,8.182202816,14109.18889,,,,,,,,
92,120,1.169026136,0.49180007,15.02812886,1.999449968,18.68840504,14104.34045,,,,,,,,
93,3,0.739728928,0.023289204,0.000333786,1.810534239,2.573886156,10466.55487,,,,,,,,
93,9,0.762707949,0.023387909,0.000735044,1.815460443,2.602291346,10426.76915,,,,,,,,
93,15,0.748874903,0.022441387,0.004368067,1.82106781,2.596752167,10440.02658,,,,,,,,
93,21,0.805462122,0.037307024,0.018266201,1.832339764,2.693375111,10462.3692,,,,,,,,
93,27,0.80865097,0.082816839,0.04739213,1.823528051,2.762387991,10516.58221,,,,,,,,
93,30,0.868622065,0.127556086,0.066013813,1.845463276,2.907655239,10457.6476,,,,,,,,
93,45,0.870142221,0.186560631,0.332527161,1.847602129,3.236832142,10615.43312,,,,,,,,
93,60,0.932661057,0.230852127,1.007441044,1.858668804,4.029623032,10493.94105,,,,,,,,
93,90,1.064717054,0.354040146,4.847796917,1.884674072,8.151228189,10692.47049,,,,,,,,
93,120,1.170827866,0.582509041,15.6119318,1.858337164,19.22360587,10622.48473,,,,,,,,
94,3,0.774136066,0.010910988,0.000353098,1.708938837,2.494338989,14298.31939,,,,,,,,
94,9,0.747421026,0.036832094,0.00078392,1.706415892,2.491452932,14362.15993,,,,,,,,
94,15,0.840727806,0.029029131,0.004634857,1.724287271,2.598679066,14339.62218,,,,,,,,
94,21,0.798815012,0.087654114,0.017559052,1.727240562,2.63126874,14380.11877,,,,,,,,
94,27,0.780254126,0.087241173,0.067766666,1.744541168,2.679803133,14467.70012,,,,,,,,
94,30,0.852798223,0.108397961,0.068464994,1.746300697,2.775961876,14452.75637,,,,,,,,
94,45,0.883538961,0.159066916,0.355462074,1.761410952,3.159478903,14525.89303,,,,,,,,
94,60,0.947226048,0.190964937,1.041485786,1.743710995,3.923387766,14508.27331,,,,,,,,
94,90,1.123834133,0.327404022,4.82847929,1.770436525,8.050153971,14554.99378,,,,,,,,
94,120,1.200467348,0.558796644,15.13120794,1.795558214,18.68603015,14713.85431,,,,,,,,
95,3,0.734147072,0.023904085,0.000376701,1.609861851,2.368289709,12226.66062,,,,,,,,
95,9,0.724294901,0.022123814,0.000723839,1.632663488,2.379806042,12249.11809,,,,,,,,
95,15,0.759152889,0.02462697,0.0043962,1.623349667,2.411525726,12234.43696,,,,,,,,
95,21,0.776260853,0.045898914,0.01504302,1.62147522,2.458678007,12272.3093,,,,,,,,
95,27,0.803591013,0.080543041,0.049201965,1.624022007,2.557358027,12302.85553,,,,,,,,
95,30,0.79955101,0.086853266,0.071527004,1.649879694,2.607810974,12242.20022,,,,,,,,
95,45,0.840499163,0.151776791,0.318498135,1.636127949,2.946902037,12311.63568,,,,,,,,
95,60,0.966228008,0.241510153,0.989415884,1.695980072,3.893134117,12284.48849,,,,,,,,
95,90,1.071255922,0.316117048,4.966648102,1.670085907,8.024106979,12323.56915,,,,,,,,
95,120,1.187844753,0.496297359,15.52633429,1.692656755,18.90313315,12435.1566,,,,,,,,
96,3,0.784123898,0.023147106,0.000340939,1.663904905,2.471516848,13032.75626,,,,,,,,
96,9,0.767433882,0.025656939,0.001026869,1.688237667,2.482355356,13078.57479,,,,,,,,
96,15,0.789550066,0.052734852,0.004747868,1.68845439,2.535487175,13059.42466,,,,,,,,
96,21,0.824487925,0.055721998,0.015195131,1.696913719,2.592318773,13084.12867,,,,,,,,
96,27,0.808269978,0.06169796,0.067051888,1.702274323,2.639294147,13089.08577,,,,,,,,
96,30,0.816411972,0.075649977,0.06657505,1.711961269,2.670598269,13181.28788,,,,,,,,
96,45,0.87189889,0.172263145,0.340070724,1.711290359,3.095523119,13130.82933,,,,,,,,
96,60,0.943114996,0.188673019,0.988841057,1.727017879,3.847646952,13280.36233,,,,,,,,
96,90,1.016268969,0.335300922,4.879774809,1.751051188,7.982395887,13305.06979,,,,,,,,
96,120,1.195729971,0.472336769,13.70745707,1.771412134,17.14693594,13219.9886,,,,,,,,
97,3,0.738324881,0.023487091,0.000371933,1.781582117,2.543766022,13704.82355,,,,,,,,
97,9,0.753479242,0.021646023,0.000760078,1.77854681,2.554432154,13660.55461,,,,,,,,
97,15,0.756070852,0.034736156,0.00434804,1.780778885,2.575933933,13693.03853,,,,,,,,
97,21,0.795032024,0.03971386,0.015166283,1.789243698,2.639155865,13708.37164,,,,,,,,
97,27,0.795337915,0.067305803,0.040318966,1.788032293,2.690994978,13775.56834,,,,,,,,
97,30,0.798943043,0.113066912,0.070363283,1.826894999,2.809268236,13829.65119,,,,,,,,
97,45,0.874523878,0.109602213,0.304848909,1.797595978,3.086570978,13813.06255,,,,,,,,
97,60,0.943631649,0.190340042,1.14111805,1.827933311,4.103023052,13966.92759,,,,,,,,
97,90,1.066588879,0.34680295,4.945415974,1.83301115,8.191818953,13846.56444,,,,,,,,
97,120,1.177296877,0.544242144,16.08788991,1.896840096,19.70626903,13902.59939,,,,,,,,
98,3,0.782359123,0.013998985,0.000346184,1.773186684,2.569890976,13262.95794,,,,,,,,
98,9,0.804018021,0.013025999,0.000747919,1.786042929,2.603834867,13243.63942,,,,,,,,
98,15,0.820675135,0.021137953,0.004260063,1.781690121,2.627763271,13280.41969,,,,,,,,
98,21,0.823353052,0.0598979,0.015259266,1.789253712,2.687763929,13365.43739,,,,,,,,
98,27,0.865958929,0.117941141,0.047394037,1.79445982,2.825753927,13274.72037,,,,,,,,
98,30,0.911194086,0.103615999,0.060869932,1.791556835,2.867236853,13349.28519,,,,,,,,
98,45,0.905328751,0.118201017,0.328062057,1.783323288,3.134915113,13316.05528,,,,,,,,
98,60,0.956027746,0.161043167,0.970999956,1.815907001,3.903977871,13302.8591,,,,,,,,
98,90,1.152638912,0.354909182,5.058388233,1.829842806,8.395779133,13393.32442,,,,,,,,
98,120,1.280426025,0.551926136,15.68231297,1.868182898,19.38284802,13433.11592,,,,,,,,
99,3,0.780896902,0.025743723,0.000408173,1.681414366,2.488463163,8049.73662,,,,,,,,
99,9,0.779285908,0.037409067,0.000968933,1.693924904,2.511588812,8070.780616,,,,,,,,
99,15,0.802731991,0.035427094,0.004498959,1.692451954,2.535109997,8065.941753,,,,,,,,
99,21,0.827571869,0.050738811,0.016316891,1.681839466,2.576467037,8066.371509,,,,,,,,
99,27,0.827886105,0.055362701,0.042696238,1.684550047,2.61049509,8064.674914,,,,,,,,
99,30,0.842634201,0.115438938,0.073254824,1.679739952,2.711067915,7989.831219,,,,,,,,
99,45,0.871957064,0.175949812,0.326603174,1.705988884,3.080498934,8104.898894,,,,,,,,
99,60,0.941278934,0.226366043,0.962610006,1.747095108,3.877350092,8153.563479,,,,,,,,
99,90,1.189672947,0.342890978,4.761565924,1.7393291,8.033458948,8124.68308,,,,,,,,
99,120,1.29821372,0.548109055,14.58033395,1.773445368,18.20010209,8138.667714,,,,,,,,
100,3,0.736606121,0.019947767,0.000310183,1.747322083,2.504186153,13613.13471,,,,,,,,
100,9,0.766040087,0.012702942,0.000824213,1.752534866,2.532102108,13581.30129,,,,,,,,
100,15,0.761326075,0.054358006,0.004867077,1.788307667,2.608858824,13622.9639,,,,,,,,
100,21,0.783492088,0.061446905,0.020492077,1.783320904,2.648751974,13616.23203,,,,,,,,
100,27,0.818567991,0.079643011,0.045011759,1.770878315,2.714101076,13602.96534,,,,,,,,
100,30,0.860046148,0.068517685,0.061326027,1.769396067,2.759285927,13643.65984,,,,,,,,
100,45,0.901383877,0.124835014,0.314198732,1.773054361,3.113471985,13724.20553,,,,,,,,
100,60,0.933137178,0.243083,0.956890106,1.813004732,3.946115017,13653.07274,,,,,,,,
100,90,1.065923214,0.348763943,4.833698034,1.843762636,8.092147827,13837.21866,,,,,,,,
100,120,1.238121986,0.542562962,15.07236505,1.836681843,18.68973184,13835.6631,,,,,,,,
101,3,0.775759935,0.023544073,0.000335693,1.740380526,2.540020227,11712.5881,,,,,,,,
101,9,0.772871971,0.021389008,0.000775814,1.749818087,2.544854879,11671.33182,,,,,,,,
101,15,0.769205809,0.061605215,0.005617857,1.768427134,2.604856014,11739.71051,,,,,,,,
101,21,0.81969285,0.067739248,0.017512798,1.756153822,2.661098719,11758.92738,,,,,,,,
101,27,0.845881939,0.077574968,0.042631149,1.767606735,2.733694792,11757.74893,,,,,,,,
101,30,0.819346905,0.077580214,0.064471006,1.770985842,2.732383966,11649.38413,,,,,,,,
101,45,0.913345098,0.099484921,0.315212011,1.779290199,3.10733223,11738.3659,,,,,,,,
101,60,0.967683077,0.215333939,1.000066996,1.823787212,4.006871223,11712.78749,,,,,,,,
101,90,1.083281755,0.362085819,4.88261199,1.811146498,8.139126062,11759.5129,,,,,,,,
101,120,1.242674828,0.574704885,14.997787,1.827963352,18.64313006,11911.29493,,,,,,,,
102,3,0.779377699,0.02233386,0.000368118,1.735436201,2.537515879,11665.47538,,,,,,,,
102,9,0.760543823,0.019064903,0.000766039,1.719052315,2.49942708,11560.55999,,,,,,,,
102,15,0.795329094,0.044118881,0.004691839,1.724543333,2.568683147,11620.34447,,,,,,,,
102,21,0.797727108,0.066999912,0.015418053,1.72760272,2.607747793,11626.37403,,,,,,,,
102,27,0.798932076,0.059185982,0.043042898,1.733213902,2.634374857,11461.76761,,,,,,,,
102,30,0.86769104,0.087407112,0.059054136,1.736271381,2.75042367,11617.78862,,,,,,,,
102,45,0.903482199,0.154039145,0.315340757,1.744010925,3.116873026,11518.4756,,,,,,,,
102,60,0.96415019,0.181821823,0.935790062,1.755801916,3.837563992,11627.4998,,,,,,,,
102,90,1.062949181,0.384285927,4.763110876,1.825520039,8.035866022,11747.2584,,,,,,,,
102,120,1.217216015,0.514191151,14.52133775,1.794441938,18.04718685,11751.30919,,,,,,,,
103,3,0.773138762,0.022715807,0.000463247,1.652951002,2.449268818,14370.01965,,,,,,,,
103,9,0.763271809,0.032500982,0.000864029,1.646985292,2.443622112,14413.25284,,,,,,,,
103,15,0.806490183,0.036331892,0.00525713,1.66482091,2.512900114,14380.34829,,,,,,,,
103,21,0.810606718,0.050450087,0.015136957,1.645898342,2.522092104,14399.91049,,,,,,,,
103,27,0.849919081,0.059761286,0.045343876,1.656122684,2.611146927,14428.33201,,,,,,,,
103,30,0.813465118,0.091816187,0.063043833,1.658852816,2.627177954,14511.80711,,,,,,,,
103,45,0.873203993,0.112294912,0.299426079,1.663318872,2.948243856,14426.94659,,,,,,,,
103,60,0.97282505,0.207138062,1.137887955,1.675009966,3.992861032,14568.77292,,,,,,,,
103,90,1.080393076,0.366896868,4.862653255,1.698596716,8.008539915,14587.19223,,,,,,,,
103,120,1.205965042,0.527515173,15.55193496,1.688596964,18.97401214,14482.42047,,,,,,,,
104,3,0.795028925,0.024749041,0.000371933,1.620232105,2.440382004,13189.2338,,,,,,,,
104,9,0.768497229,0.038338184,0.000986099,1.636128664,2.443950176,13207.53875,,,,,,,,
104,15,0.771535873,0.043380976,0.004709244,1.654829741,2.474455833,13274.74645,,,,,,,,
104,21,0.839921951,0.04816699,0.016349792,1.651642561,2.556081295,13194.55798,,,,,,,,
104,27,0.845872879,0.058991194,0.040641069,1.638802052,2.584307194,13228.94176,,,,,,,,
104,30,0.859344721,0.117270947,0.075079918,1.678199768,2.729895353,13230.85363,,,,,,,,
104,45,0.885720015,0.158210993,0.332085848,1.658418179,3.034435034,13199.15585,,,,,,,,
104,60,0.95671916,0.171446085,0.990184069,1.68208766,3.800436974,13376.67516,,,,,,,,
104,90,1.085216045,0.290308714,5.013221025,1.683120966,8.071866751,13298.17679,,,,,,,,
104,120,1.238946915,0.55374217,15.54893589,1.667803049,19.00942802,13367.96311,,,,,,,,
105,3,0.775733948,0.011674881,0.00034833,1.714772701,2.50252986,13807.18818,,,,,,,,
105,9,0.781565905,0.026079178,0.000877142,1.723242998,2.531765223,13861.37068,,,,,,,,
105,15,0.776975155,0.044466972,0.004354,1.723834753,2.54963088,13849.32824,,,,,,,,
105,21,0.807915926,0.047953129,0.01526475,1.730643988,2.601777792,13878.95071,,,,,,,,
105,27,0.836973906,0.109679222,0.047239065,1.730264664,2.724156857,13890.99929,,,,,,,,
105,30,0.839053154,0.092666864,0.069176197,1.736969709,2.737865925,13876.11518,,,,,,,,
105,45,0.905385017,0.173117161,0.359016418,1.745700359,3.183218956,13870.98245,,,,,,,,
105,60,1.012629747,0.167062044,1.041772127,1.798897028,4.020360947,13930.29621,,,,,,,,
105,90,1.118281126,0.283829927,4.881408691,1.783010006,8.066529751,13930.36108,,,,,,,,
105,120,1.272919178,0.448991776,13.59656382,1.798120022,17.11659479,13965.74141,,,,,,,,
106,3,0.757588148,0.018851995,0.00035882,1.896178007,2.672976971,13123.14541,,,,,,,,
106,9,0.769556046,0.030112028,0.000760794,1.884478092,2.68490696,13121.86038,,,,,,,,
106,15,0.759874105,0.021275997,0.004217863,1.888888836,2.674256802,13132.06839,,,,,,,,
106,21,0.806729794,0.04130888,0.014967203,1.905813217,2.768819094,13175.17571,,,,,,,,
106,27,0.81943202,0.088028193,0.040228844,1.900022984,2.84771204,13205.86883,,,,,,,,
106,30,0.846157789,0.091419935,0.06058979,1.904976606,2.903144121,13174.25738,,,,,,,,
106,45,0.899452925,0.118137121,0.320680857,1.910888195,3.249159098,13234.4564,,,,,,,,
106,60,0.953699827,0.154803038,0.89462924,1.926765919,3.929898024,13085.6717,,,,,,,,
106,90,1.079536915,0.343523026,4.604753733,1.934009314,7.961822987,13219.25448,,,,,,,,
106,120,1.253230095,0.472439051,13.95957708,1.982157707,17.66740394,13275.47485,,,,,,,,
107,3,0.763617992,0.022196054,0.000554085,1.705656767,2.492024899,12669.24598,,,,,,,,
107,9,0.762133121,0.045221329,0.000752926,1.729768753,2.537876129,12714.78929,,,,,,,,
107,15,0.784244061,0.054968119,0.004478931,1.716362953,2.560054064,12759.06694,,,,,,,,
107,21,0.809205055,0.044069052,0.015524864,1.748678923,2.617477894,12669.88138,,,,,,,,
107,27,0.838508129,0.059082031,0.04390192,1.752373934,2.693866014,12683.732,,,,,,,,
107,30,0.835252285,0.091578722,0.07385993,1.7332201,2.733911037,12694.88042,,,,,,,,
107,45,0.894134045,0.129645824,0.309082985,1.744905233,3.077768087,12752.06734,,,,,,,,
107,60,0.919844866,0.229522943,0.970024347,1.784781694,3.904173851,12763.27663,,,,,,,,
107,90,1.057940245,0.420440197,4.791234016,1.78451848,8.054132938,12822.84942,,,,,,,,
107,120,1.224677801,0.486232996,14.58328891,1.766830206,18.06102991,12877.7704,,,,,,,,
108,3,0.767807007,0.01248312,0.000360012,1.667244911,2.44789505,13927.9715,,,,,,,,
108,9,0.765618086,0.0405159,0.000871181,1.691091061,2.498096228,14016.98489,,,,,,,,
108,15,0.81083107,0.050801992,0.004899979,1.672520876,2.539053917,13995.72004,,,,,,,,
108,21,0.835027933,0.055516958,0.017337084,1.681235313,2.589117289,14011.04739,,,,,,,,
108,27,0.832827806,0.061646938,0.04050684,1.68847847,2.623460054,13959.34527,,,,,,,,
108,30,0.872685671,0.08075881,0.061139822,1.681224823,2.695809126,14026.47589,,,,,,,,
108,45,0.905042887,0.136512041,0.312737226,1.695136786,3.04942894,14028.95774,,,,,,,,
108,60,0.984684229,0.199770689,0.969896078,1.704477072,3.858828068,14033.13776,,,,,,,,
108,90,1.100015879,0.406012058,5.149149895,1.728950262,8.384128094,14118.11619,,,,,,,,
108,120,1.248086929,0.487267971,14.5986948,1.741442442,18.07549214,14001.17235,,,,,,,,
109,3,0.757937908,0.021363974,0.000340939,1.707658052,2.487300873,13337.59227,,,,,,,,
109,9,0.776417017,0.018712997,0.000741959,1.725018024,2.520889997,13333.15688,,,,,,,,
109,15,0.798063755,0.02539587,0.004207134,1.720046282,2.547713041,13361.78927,,,,,,,,
109,21,0.820245981,0.07003808,0.019663811,1.740562201,2.650510073,13358.10255,,,,,,,,
109,27,0.820165873,0.074363947,0.042462826,1.731194258,2.668186903,13381.27131,,,,,,,,
109,30,0.844550848,0.06832099,0.069737196,1.727461815,2.710070848,13501.69746,,,,,,,,
109,45,0.927556038,0.132354021,0.309691906,1.743654013,3.113255978,13360.54925,,,,,,,,
109,60,0.988818884,0.177819252,1.020246029,1.751419783,3.938303947,13518.27264,,,,,,,,
109,90,1.093387127,0.281051874,4.575712204,1.773792744,7.723943949,13501.80324,,,,,,,,
109,120,1.268459082,0.455568075,14.03869319,1.773546696,17.53626704,13525.70687,,,,,,,,
110,3,0.734686136,0.019958735,0.000392199,1.727484703,2.482521772,13758.00144,,,,,,,,
110,9,0.729209185,0.017416954,0.000725985,1.68905282,2.436404943,13589.39381,,,,,,,,
110,15,0.73341918,0.062068939,0.005628824,1.705419064,2.506536007,13690.7427,,,,,,,,
110,21,0.779076099,0.064330101,0.016826868,1.693769932,2.554003,13689.37331,,,,,,,,
110,27,0.801096916,0.094944,0.04201889,1.686816216,2.624876022,13705.11684,,,,,,,,
110,30,0.850760937,0.106246233,0.059303045,1.719615698,2.735925913,13833.96089,,,,,,,,
110,45,0.945809841,0.160340309,0.377871037,1.740721703,3.224742889,13851.25332,,,,,,,,
110,60,0.931485891,0.223836899,1.007359982,1.719595194,3.882277966,13891.15061,,,,,,,,
110,90,1.112867832,0.29511714,4.763830185,1.73174572,7.903560877,13877.51369,,,,,,,,
110,120,1.249044895,0.466921806,14.78618002,1.730691433,18.23283815,13944.53173,,,,,,,,
