3,,,9,,,15,,,21,,,27,,,30,,,45,,,60,,,90,,,120,,,,,,,,,,,,,,,
23.00237107,12158.56003,21.43651701,21.98550797,12195.5423,17.80492634,9.616003752,12342.89125,14.33245624,12.59796786,12345.43112,12.32568812,6.972090006,12402.18132,10.72082449,8.837155104,12398.27348,10.48949198,5.657210827,12525.96142,7.931775863,6.5302279,12573.57486,7.447968823,9.194084167,12680.56976,10.08039803,21.73451209,12767.11495,19.73490774,,,,21.43651701,17.80492634,14.33245624,12.32568812,10.72082449,10.48949198,7.931775863,7.447968823,10.08039803,19.73490774
22.72548485,12142.23739,10260.53878,22.02389717,12188.98264,10333.11351,20.43731594,12218.78357,10379.35252,11.28933311,12323.72091,10419.22093,6.239850044,12420.86057,10453.7764,7.146869183,12462.44059,10461.10629,5.612519979,12516.26315,10537.13968,7.181934834,12600.4032,10594.29209,9.87643981,12722.24447,10692.6873,20.65318394,12798.74963,10774.26328,,,,10260.53878,10333.11351,10379.35252,10419.22093,10453.7764,10461.10629,10537.13968,10594.29209,10692.6873,10774.26328
21.7292881,12396.57149,,12.08176303,12510.32888,,9.667298079,12613.04138,,10.02597308,12604.52591,,9.754192829,12631.85376,,17.10418224,12407.53622,,11.67607284,12648.0743,,13.31615591,12536.11741,,9.346950054,12863.47778,,20.26946998,12923.42174,,,,,,,,,,,,,,
21.47316408,7974.004748,,20.75182486,7981.027803,,8.777069092,8062.323976,,10.06237292,8079.148831,,7.728185892,8119.563606,,8.795297146,8166.08891,,9.478308916,8158.818611,,7.667208195,8192.087741,,10.11169887,8267.947111,,19.23506618,8346.145296,,,,,,,,,,,,,,
21.09941411,10773.91188,,20.89768505,10812.13072,,15.41150808,10873.35932,,9.958139896,10973.85627,,7.593960047,10997.84942,,10.92511797,10937.77981,,6.691710949,11056.1727,,6.186019897,11099.03075,,9.181912184,11213.29401,,20.92396116,11235.93273,,,,,,,,,,,,,,
21.57460093,11886.25068,,20.51343274,11960.80018,,18.81345892,11994.84258,,13.54779696,12037.23427,,13.148278,12079.97147,,8.885210991,12238.18325,,10.81743407,12162.22183,,6.051372051,12467.3296,,9.364197016,12521.65978,,19.98124313,12537.6636,,,,,,,,,,,,,,
21.40162897,9303.400659,,19.58415985,9346.569757,,7.459323168,9459.844869,,6.890461922,9498.442223,,6.288282871,9508.390979,,8.014483213,9518.31493,,6.974938869,9560.001421,,7.131568193,9593.454538,,10.60411692,9653.60894,,20.96339202,9781.910445,,,,,,,,,,,,,,
22.08917093,10232.37913,,19.42012787,10337.01428,,12.47027826,10390.71995,,11.99369287,10401.41009,,9.881980896,10442.20855,,10.16329002,10520.3566,,4.922373056,10623.39148,,5.547625065,10624.53736,,8.962410927,10717.40367,,19.21756625,10868.36808,,,,,,,,,,,,,,
16.82122588,10468.87602,,15.07929802,10527.23609,,12.32522202,10580.2057,,11.55843306,10602.91862,,9.460944176,10657.38465,,9.695044041,10571.30146,,6.604900837,10766.09993,,6.566601992,10749.0578,,8.815762997,10895.91121,,19.36611891,10926.42547,,,,,,,,,,,,,,
21.87757182,10132.856,,21.0475111,10158.22811,,16.8650651,10235.06788,,16.72698808,10246.59758,,16.50811791,10255.93816,,7.07776618,10371.25479,,9.213686943,10380.67251,,5.855463028,10502.38168,,9.398425817,10597.7402,,19.55719519,10669.87888,,,,,,,,,,,,,,
20.76534891,10400.28861,,19.23476601,10426.94327,,10.02894187,10603.35784,,12.28619099,10607.46119,,9.131253004,10653.66746,,15.72229314,10543.32441,,9.718546867,10660.18144,,6.100757837,10796.84574,,10.20839882,10832.89489,,18.61960077,10886.97697,,,,,,,,,,,,,,
21.05947304,10874.8174,,19.05657768,10940.85008,,18.67139816,10955.44166,,11.31171703,11008.10821,,6.238457918,11113.49817,,9.038435698,11083.93386,,8.767488003,11134.19906,,8.243064165,11204.03625,,10.48616028,11224.61276,,18.45847487,11306.99413,,,,,,,,,,,,,,
21.76590705,10682.14073,,17.36156702,10741.91445,,17.3786118,10768.73405,,17.10330319,10791.16293,,14.55609679,10822.49717,,15.85377216,10846.7818,,8.746429205,10952.88281,,7.570950031,11023.48702,,9.923927069,11094.00042,,20.97554111,11205.65445,,,,,,,,,,,,,,
22.03068686,9443.990987,,15.52363396,9540.042084,,8.151444197,9609.502149,,7.999725103,9611.445805,,6.173026085,9663.121153,,6.190294743,9674.998841,,5.645004988,9779.088558,,6.411134958,9773.34731,,9.911884069,9830.589352,,19.65606999,9888.485503,,,,,,,,,,,,,,
21.69946384,10096.60958,,20.94305611,10145.83328,,20.39230204,10141.10933,,20.23467612,10173.86855,,19.64889884,10200.39539,,11.80563879,10241.71182,,7.847562075,10323.97114,,8.467084885,10386.90665,,12.0956099,10425.32728,,20.15022969,10587.5701,,,,,,,,,,,,,,
22.18708205,9855.138392,,21.37623692,9923.221369,,14.75726104,9979.396522,,12.37895107,10036.53364,,8.849999905,10070.82955,,15.75075698,10010.41087,,6.597137213,10150.70129,,6.388890266,10137.88566,,9.495484114,10171.37002,,18.66693497,10307.99285,,,,,,,,,,,,,,
21.74265599,12148.6292,,9.340881109,12322.02567,,12.61535287,12335.01788,,12.10317898,12384.24257,,11.39178896,12387.93321,,9.15298295,12431.9277,,9.859685898,12467.2778,,12.76776314,12439.95198,,10.32767105,12674.07811,,20.59942198,12733.91312,,,,,,,,,,,,,,
22.1009779,11965.44371,,15.29141569,12069.55135,,15.10124302,12098.37888,,10.70657802,12217.17829,,10.22628617,12212.17629,,8.318481207,12198.91806,,8.130285025,12232.62611,,8.886501074,12337.80267,,10.203269,12493.82744,,20.43677187,12524.18831,,,,,,,,,,,,,,
22.22703099,7876.678786,,20.93887901,7938.984359,,12.12199402,7987.706512,,11.08588195,8006.330485,,11.03939915,8013.878067,,9.48997879,8052.822527,,7.568763018,8106.389325,,6.932732105,8146.989702,,10.66237593,8180.008257,,19.0976131,8263.35984,,,,,,,,,,,,,,
21.06025124,9994.565572,,19.0662322,10022.55853,,18.052387,10063.08408,,8.837569952,10189.81064,,9.402711153,10201.06669,,7.167589903,10202.07773,,7.611860991,10225.70397,,6.172434807,10310.81903,,9.761738062,10396.60007,,18.7639451,10471.985,,,,,,,,,,,,,,
22.57445598,9401.048117,,21.314183,9488.577444,,20.7480402,9498.685699,,10.29217887,9579.033857,,10.1688571,9593.32924,,19.16245627,9572.063345,,8.879751205,9629.096271,,11.97615314,9689.229312,,9.560450077,9824.001935,,19.79276299,9865.340393,,,,,,,,,,,,,,
21.72208595,10613.30677,,21.41287184,10639.71021,,11.85038018,10733.99419,,9.85081768,10787.0035,,10.58858323,10811.54699,,10.95064712,10744.74164,,8.460667133,10908.46615,,7.990631104,10883.59382,,9.219961882,11029.17195,,19.0944612,11114.89251,,,,,,,,,,,,,,
19.32428527,9102.829895,,19.22971892,9174.175377,,11.68343973,9223.848056,,17.73080516,9216.758428,,12.0104723,9269.11659,,7.301489115,9277.08801,,6.316297054,9377.054633,,8.304949045,9402.126456,,12.53633308,9382.301875,,20.48728609,9505.485422,,,,,,,,,,,,,,
21.55893016,8719.474781,,18.83411908,8762.11536,,18.15217113,8777.776985,,14.86723804,8838.628887,,7.903975725,8874.379913,,8.452456951,8876.806948,,6.239352942,8950.859496,,6.870094776,8986.746178,,9.684682131,9079.259993,,20.55251122,9136.672812,,,,,,,,,,,,,,
21.75529408,11524.32739,,17.80309296,11648.14912,,12.64302492,11695.04888,,10.55883312,11745.43826,,10.08276105,11773.41338,,11.28158331,11804.57759,,7.042445183,11853.90468,,7.192566633,11960.28145,,9.76288414,12073.86828,,21.28801775,12145.12065,,,,,,,,,,,,,,
21.96331596,10613.58433,,20.1330111,10643.93416,,20.45152283,10670.68611,,13.17635083,10758.83383,,8.648874044,10801.90954,,8.19746089,10805.00322,,7.72992897,10859.47829,,6.921946764,10956.71632,,10.36607504,10978.91589,,20.06342387,11217.36757,,,,,,,,,,,,,,
21.91707706,11693.17135,,21.45330811,11745.66502,,14.79806519,11814.73557,,7.756619692,11933.16651,,6.512565136,11979.00157,,12.13533187,11912.24014,,5.493626833,12076.1084,,6.151790857,12141.47462,,9.919024229,12226.98963,,19.31856298,12317.35884,,,,,,,,,,,,,,
22.44999409,9024.138885,,11.18558598,9106.050649,,9.271150827,9130.90698,,7.731571913,9144.816101,,6.65774107,9227.985488,,8.48488903,9167.296399,,6.745466232,9277.808488,,9.78006506,9264.169951,,11.47270608,9352.468102,,18.37454796,9437.310635,,,,,,,,,,,,,,
21.97334003,10499.0041,,11.47795796,10623.55225,,16.66089416,10623.46755,,16.29690123,10643.13622,,15.93698716,10655.85481,,13.05697489,10657.69362,,7.575008869,10800.44899,,10.76875496,10788.02293,,10.39701676,10953.91264,,20.51562214,11105.65055,,,,,,,,,,,,,,
21.7989161,9775.758691,,20.53745317,9809.219723,,19.88108611,9838.498429,,8.40011692,9973.343377,,9.014713049,9968.844504,,5.651747942,10066.87954,,6.865796089,10056.36744,,7.789277792,10074.16138,,11.17011499,10118.79675,,19.70139599,10217.87953,,,,,,,,,,,,,,
21.77335405,10333.78679,,20.809062,10359.73894,,19.6799221,10387.51639,,17.81570625,10418.4127,,10.97304511,10487.58668,,7.727339029,10551.16314,,9.094912052,10560.54784,,7.201849699,10644.94169,,10.3443017,10743.23614,,20.11968899,10826.75655,,,,,,,,,,,,,,
22.00829315,10979.6306,,15.53151107,11058.61791,,15.04781413,11097.75198,,14.55812192,11137.90506,,14.44281387,11128.26203,,14.48343515,11096.9476,,9.485694885,11173.38353,,10.17105103,11159.31386,,12.32514501,11291.68065,,19.75456691,11452.00556,,,,,,,,,,,,,,
21.89079976,10049.55225,,15.56727767,10135.58203,,16.22891903,10153.59587,,10.95953417,10224.3298,,7.510115862,10288.34016,,9.788579941,10290.21148,,5.305227041,10391.55035,,10.45583606,10330.69418,,10.05976391,10517.46074,,19.74804807,10573.72632,,,,,,,,,,,,,,
21.99745226,10262.4529,,20.15830898,10311.47563,,14.52120495,10398.48303,,11.06816006,10444.53223,,10.12479877,10460.43861,,14.55837011,10338.28401,,9.874265194,10551.12814,,6.967519045,10558.70298,,9.548686028,10651.93783,,19.62917471,10661.51248,,,,,,,,,,,,,,
21.84058595,7581.306447,,9.912242174,7700.98771,,6.661503077,7766.725816,,6.533823967,7781.51579,,8.756742954,7798.58478,,7.662635088,7744.057108,,5.249155045,7836.226176,,6.493562222,7865.045301,,10.68138695,7888.875114,,18.65452385,7981.323903,,,,,,,,,,,,,,
12.47283697,10986.73382,,20.42757821,11048.79592,,11.838974,11133.98757,,8.982590914,11143.61025,,8.355350971,11209.94385,,8.045059919,11093.21478,,6.304738998,11260.49349,,5.487411976,11346.93133,,9.236257076,11472.97571,,18.68559694,11399.01275,,,,,,,,,,,,,,
21.57062721,11398.88414,,11.99786091,11466.1202,,9.007643938,11528.8627,,8.798439026,11563.28964,,9.031378984,11573.2144,,14.86303592,11487.18904,,5.876721144,11688.64502,,6.305213928,11747.70748,,9.744283915,11860.46288,,19.9550972,11931.92432,,,,,,,,,,,,,,
21.77838278,8735.801234,,18.52323985,8828.872611,,17.2002821,8881.235283,,10.07834506,8955.608034,,8.43975997,8982.209365,,9.962289095,8929.137181,,8.102312088,9027.350525,,10.29267693,9031.146577,,10.34917188,9152.013084,,19.7314899,9091.308959,,,,,,,,,,,,,,
21.79082298,10648.73938,,14.74140501,10714.91489,,14.10397387,10762.20771,,12.17863584,10784.87157,,11.52203131,10804.09638,,11.89638305,10759.47171,,8.000040054,10888.70171,,7.218198061,10929.45428,,10.00310087,11025.49555,,20.15634513,11084.22359,,,,,,,,,,,,,,
21.97529602,10114.77018,,21.34092093,10161.49822,,8.484025002,10262.25082,,6.88260293,10321.28401,,5.682869911,10360.60779,,15.49832988,10292.27269,,5.093447208,10480.19872,,7.904054165,10457.85497,,11.71469688,10508.07897,,20.01660705,10665.03532,,,,,,,,,,,,,,
21.96896696,10021.74011,,20.30913401,10075.36988,,18.35317492,10112.28903,,17.79886317,10125.02251,,17.80856967,10121.40462,,11.36040998,10338.45228,,10.70755887,10230.93203,,6.615131855,10498.03294,,12.48272109,10502.96353,,19.21481419,10736.71254,,,,,,,,,,,,,,
22.00857234,11137.75302,,20.3416326,11306.86021,,19.37779808,11363.85737,,18.75170207,11368.7799,,18.45836616,11389.37409,,19.16656613,11243.56885,,9.163906097,11537.04025,,11.34425712,11361.58254,,10.26730895,11530.87599,,18.93805313,11802.13091,,,,,,,,,,,,,,
22.37228799,10078.99481,,15.08159494,10159.84898,,11.94716096,10214.72216,,10.46863985,10244.66188,,10.41328621,10246.50724,,8.018738031,10332.6502,,9.329415798,10321.60795,,7.242424011,10392.82879,,9.969796181,10517.92797,,20.37554097,10625.87875,,,,,,,,,,,,,,
21.58321095,11049.62076,,19.60346627,11131.01605,,16.65572214,11161.49531,,12.20903182,11237.30542,,11.91258812,11250.00097,,20.23620391,11186.24377,,11.90692806,11345.11415,,6.890067101,11398.52233,,10.55211735,11544.25205,,19.63593984,11622.27243,,,,,,,,,,,,,,
22.24085093,10567.78141,,17.82949185,10629.19324,,10.50875926,10727.80435,,10.22032619,10732.29641,,9.444993019,10770.32931,,10.44849515,10821.89711,,8.277105093,10863.1993,,7.108237982,10956.43719,,10.77458525,11037.99564,,18.95299888,11230.00562,,,,,,,,,,,,,,
21.86134505,8366.098573,,16.76895809,8437.278532,,17.01603985,8474.054212,,14.92598295,8499.243918,,14.66889191,8508.451716,,16.77934313,8578.213593,,8.528005123,8620.903142,,7.196415901,8706.271947,,10.03201699,8801.183219,,20.65269828,8842.535293,,,,,,,,,,,,,,
19.4982729,9436.31188,,9.307678938,9561.751937,,14.85883117,9538.054116,,9.253870964,9608.367805,,9.246834993,9599.133962,,6.786007166,9681.308791,,5.549680948,9776.194711,,5.256179094,9842.266983,,10.33963108,9853.565566,,19.82680178,9923.777072,,,,,,,,,,,,,,
21.95983696,11659.11379,,20.95561504,11723.97645,,18.68042874,11752.62356,,18.6915822,11817.47361,,18.73707414,11845.3591,,6.752401114,12024.01195,,10.74903297,11933.80838,,8.471371889,12106.57711,,10.03353715,12254.10142,,20.23262405,12341.91752,,,,,,,,,,,,,,
22.3190639,10168.1717,,20.60296893,10218.64353,,11.62776184,10302.21657,,17.2106359,10365.05265,,17.15205979,10358.0938,,11.03357506,10358.18725,,8.302963972,10504.35568,,6.793577909,10492.85086,,10.26192498,10544.37542,,20.66137981,10596.64652,,,,,,,,,,,,,,
19.69956493,12525.97815,,17.54485989,12632.69212,,8.965038061,12769.86793,,6.370826006,12838.54665,,6.503755093,12867.83818,,14.23420811,12790.32898,,5.891777039,12961.24679,,6.750334978,13010.63564,,10.07648587,13090.80748,,20.27474308,13250.48869,,,,,,,,,,,,,,
19.82158518,8621.842176,,12.16296387,8720.249357,,9.630804062,8745.918045,,7.341541052,8796.049039,,6.33523488,8820.457384,,6.447498083,8818.797999,,6.689385891,8899.670693,,6.044365168,8943.19359,,9.690212011,8975.951108,,21.16175699,9045.166975,,,,,,,,,,,,,,
22.09958196,9350.224064,,20.94299293,9385.46566,,19.73067284,9435.740166,,18.46314812,9435.869605,,16.06885004,9540.808093,,14.69969678,9538.05016,,7.703811169,9610.143943,,8.844438076,9645.865833,,9.605193138,9753.258659,,19.60906076,9837.643425,,,,,,,,,,,,,,
21.88561606,10140.09847,,17.81201577,10204.26277,,20.7146678,10171.36511,,14.35035992,10238.79318,,12.27692199,10272.15609,,6.377795696,10426.92038,,9.759936094,10378.56908,,5.696204901,10527.42337,,9.652586937,10604.83062,,18.28532887,10712.63445,,,,,,,,,,,,,,
22.06919909,11652.21082,,19.80711079,11714.35233,,19.61751485,11722.2265,,13.09567285,11747.97532,,13.20129204,11740.11588,,9.210721016,11785.38017,,7.092298985,11929.75345,,7.60648489,11917.5666,,10.07347488,12064.54766,,20.03496289,12155.32066,,,,,,,,,,,,,,
22.09056997,10069.54546,,11.72761607,10236.32877,,10.46732712,10265.64046,,10.38571906,10289.98141,,8.195082903,10371.12013,,9.859304905,10290.38713,,7.169398785,10456.39209,,8.694396257,10390.62309,,11.95026517,10518.19973,,19.81686497,10692.21688,,,,,,,,,,,,,,
21.9413178,9829.836736,,16.37261534,9909.876741,,10.84099483,9978.524356,,8.216790915,9995.775421,,13.25057483,10021.95114,,7.815320015,10047.65419,,7.733906031,10087.02615,,5.235461235,10231.61243,,9.265160799,10211.64996,,18.38226891,10242.51607,,,,,,,,,,,,,,
22.39641595,9375.725295,,21.22041297,9395.346003,,21.20345807,9419.432751,,11.98211718,9471.067666,,9.928202868,9508.658229,,12.99962997,9488.961292,,10.91611481,9568.635825,,7.395712137,9639.413989,,9.99760294,9772.718748,,19.74120879,9828.074595,,,,,,,,,,,,,,
21.87782192,10403.21402,,11.99213314,10489.15358,,9.803759098,10549.73341,,9.884345055,10572.60912,,7.945617199,10604.15408,,11.91355801,10659.81549,,7.08630991,10690.55522,,5.912091732,10852.69353,,9.554584742,10976.47452,,19.04053926,11031.99389,,,,,,,,,,,,,,
12.20215607,9239.83569,,13.99764371,9303.320582,,12.96924591,9352.868681,,12.6606679,9350.825461,,11.38650513,9373.186246,,13.90048099,9424.66639,,8.934698105,9477.778213,,5.704495907,9648.627639,,10.06412625,9672.986285,,19.56177306,9770.988265,,,,,,,,,,,,,,
21.98559523,11352.59371,,21.24030781,11391.84999,,20.15101719,11422.27151,,19.99926901,11448.69567,,19.62059903,11431.70104,,14.30162311,11618.84919,,12.08461118,11549.55922,,6.356684923,11698.87615,,10.02498913,11811.41188,,20.91415596,11967.37317,,,,,,,,,,,,,,
21.88783813,9822.519224,,10.60774183,9933.663665,,9.619214773,9969.38817,,8.867710829,10006.93595,,8.604175091,10010.4382,,6.726630926,10085.32284,,8.45729208,10080.23503,,6.189859152,10163.82392,,9.278141022,10274.8101,,19.60444689,10262.12491,,,,,,,,,,,,,,
21.95078087,10947.53496,,21.15371895,11031.5853,,12.69552922,11123.03222,,12.79002333,11133.45099,,8.980002165,11162.66811,,12.63838792,11168.40596,,6.227505922,11250.13448,,8.23090291,11317.70665,,10.07385802,11400.08053,,19.38644004,11452.50199,,,,,,,,,,,,,,
22.3740747,12010.648,,18.88641405,12164.14212,,15.95213485,12213.867,,15.94670105,12229.82948,,14.92954588,12248.29259,,14.05216718,12256.97171,,13.26990819,12337.50457,,11.31468892,12383.80678,,9.945270061,12639.87932,,20.70490813,12633.12696,,,,,,,,,,,,,,
21.80556488,9539.138831,,20.84992099,9570.403165,,8.852294922,9699.154766,,9.703641891,9715.743055,,5.985888004,9803.207504,,5.776797771,9837.328404,,6.119947195,9806.979403,,6.122188091,9922.287104,,10.09662986,10015.54762,,19.57939696,10104.23641,,,,,,,,,,,,,,
21.42503095,11536.67554,,20.87862897,11588.22463,,16.16348314,11652.61966,,15.28222418,11684.36536,,15.30762482,11696.72718,,13.33100295,11710.64905,,11.08004999,11814.55664,,6.635965824,11859.07087,,9.691978931,12000.35779,,20.72478008,12069.83596,,,,,,,,,,,,,,
13.10032797,10821.49408,,9.955770969,10909.5017,,8.992148876,10941.85025,,8.207387209,10989.37605,,8.138339996,11026.36408,,7.401789904,11003.81028,,8.426388025,11076.65094,,6.355381966,11151.37844,,9.092209101,11256.19987,,19.43833303,11343.12742,,,,,,,,,,,,,,
21.87283897,10382.76802,,13.44899201,10493.66228,,8.782546997,10567.82111,,7.535736799,10602.35851,,6.998056889,10622.61814,,7.109588146,10640.23279,,6.265097857,10667.05067,,10.83013773,10641.47953,,9.716188908,10838.37573,,19.76183295,10914.27845,,,,,,,,,,,,,,
21.67779827,8144.399221,,21.22435713,8192.279191,,20.43126988,8208.994943,,21.18472695,8198.720504,,10.16739011,8279.954384,,7.976202965,8341.09342,,7.028110027,8381.476429,,6.942217827,8414.53047,,11.84318495,8468.263581,,19.34702516,8531.223809,,,,,,,,,,,,,,
22.04039407,11099.09226,,20.82700515,11150.35063,,20.13835692,11150.17837,,14.11961675,11253.07295,,9.529736042,11289.00782,,5.090130806,11451.00673,,9.518161774,11329.9944,,6.084787846,11515.33079,,9.506023884,11637.92997,,19.13702679,11677.24779,,,,,,,,,,,,,,
21.7769649,10535.76166,,21.13460612,10570.9201,,11.74264407,10674.375,,10.5968461,10700.54003,,8.119258881,10762.8366,,12.83285403,10704.25845,,6.232639074,10837.40138,,7.751196861,10834.39418,,9.593111992,10985.14307,,20.06092381,11032.71865,,,,,,,,,,,,,,
21.90134096,9206.293157,,17.94817996,9254.460717,,10.81843996,9316.674914,,9.102330923,9380.863857,,8.684648752,9404.620848,,7.376743078,9391.570509,,6.113976002,9478.2154,,5.654251099,9567.195382,,9.889085293,9541.980057,,20.489048,9557.95385,,,,,,,,,,,,,,
22.39451504,12588.42572,,21.58157992,12667.89567,,21.19399714,12671.93258,,20.15199399,12691.05112,,19.13800406,12718.23517,,11.41841102,12822.03447,,7.272014141,12921.29299,,7.686562777,13029.73168,,9.838650942,13205.22941,,18.97911501,13273.27508,,,,,,,,,,,,,,
22.21630692,9083.408607,,20.1913538,9167.387676,,11.38274384,9209.379287,,18.56115794,9177.418975,,9.323460102,9273.647579,,8.604217291,9259.233875,,9.896700859,9390.241336,,8.803296089,9328.341669,,10.22530389,9534.515216,,19.48962903,9609.09851,,,,,,,,,,,,,,
20.09135985,10012.14954,,19.37481284,10073.1914,,9.43824625,10153.42322,,8.271037102,10213.98435,,9.517086983,10246.49253,,13.83764505,10137.03369,,9.375421286,10233.02042,,6.309406996,10392.9647,,9.47258997,10473.2496,,18.40214181,10583.09715,,,,,,,,,,,,,,
21.87886596,9371.596855,,11.29588032,9502.923106,,8.571500063,9568.12384,,6.622097969,9590.03917,,8.669979095,9634.065087,,9.728206158,9517.876586,,7.73868227,9681.662601,,5.728030205,9699.774146,,8.981842995,9781.574269,,19.70689583,9834.277053,,,,,,,,,,,,,,
21.76686788,9490.933378,,19.17836308,9517.477036,,20.40804911,9547.169662,,13.54092407,9576.855522,,9.194338083,9651.093656,,11.53224516,9731.55961,,9.248545647,9722.787598,,8.687587738,9860.320386,,10.56143212,9967.123069,,19.32229805,9996.727278,,,,,,,,,,,,,,
20.19076991,9395.976585,,16.97727394,9492.6499,,17.52054882,9505.642882,,10.87203979,9579.345548,,15.60631895,9554.868404,,8.666623116,9571.295314,,7.996208191,9604.770948,,7.450368881,9654.602009,,9.117352962,9807.740821,,19.77231383,9848.805062,,,,,,,,,,,,,,
22.10954595,10852.6454,,20.01624298,10923.33489,,10.98241305,11018.14567,,10.5732832,11035.20666,,7.578644037,11136.11704,,9.087626934,11168.13021,,5.873697042,11203.27174,,6.314598083,11372.49298,,9.977051973,11450.80632,,19.60345292,11495.11904,,,,,,,,,,,,,,
21.76264286,10834.2106,,14.03253675,10936.98668,,19.67079115,10924.29801,,9.491094828,11008.85198,,8.101597071,11057.87843,,7.917686939,11013.70394,,6.924694061,11149.02417,,6.703290224,11163.0729,,9.742641926,11310.92844,,19.61224174,11392.991,,,,,,,,,,,,,,
22.12233114,10246.83844,,12.35163188,10329.43149,,12.25047088,10361.1588,,10.31748867,10382.27405,,5.136596918,10561.3753,,8.028059006,10456.97127,,4.707872152,10624.96895,,6.401024103,10602.76961,,10.18736506,10690.72695,,20.57245803,10752.48631,,,,,,,,,,,,,,
21.45686126,10481.87008,,18.98944998,10543.82342,,20.5032661,10625.45263,,12.26213908,10670.74239,,11.03126502,10660.38176,,10.76568127,10655.1637,,7.059702158,10731.73742,,7.617900133,10816.25095,,9.896627903,10893.25894,,20.19864702,11028.3582,,,,,,,,,,,,,,
22.58337498,10524.19178,,21.74864912,10579.07483,,14.80562091,10616.55311,,16.93590021,10612.8578,,16.94453597,10628.54542,,13.09072995,10629.49341,,9.760667086,10745.3967,,10.8719759,10740.2015,,11.9646132,10891.44773,,19.9369092,10991.52968,,,,,,,,,,,,,,
21.48580694,8346.758354,,18.21046019,8412.957524,,14.13914394,8464.953195,,12.97132492,8508.379169,,12.11509299,8540.992975,,7.283562899,8501.886819,,8.341519117,8582.511901,,8.485347748,8568.688329,,10.18794417,8690.930716,,18.58126688,8759.191585,,,,,,,,,,,,,,
21.89382911,11148.93109,,21.24341893,11193.0894,,7.731238842,11206.24205,,7.618144989,11241.64857,,12.80011272,11274.13138,,14.16830301,11296.66648,,8.309771061,11358.09645,,6.555465937,11516.75877,,9.846967936,11586.12009,,18.77346921,11678.84888,,,,,,,,,,,,,,
21.59616709,9881.842557,,14.85203505,9982.731305,,17.80999494,9990.648448,,16.46377087,10027.21133,,15.00033998,10054.07073,,8.108906984,9991.41774,,7.936862946,10171.19971,,5.754333973,10278.51687,,9.502375841,10321.48812,,20.23404098,10424.33561,,,,,,,,,,,,,,
22.20585489,10193.03972,,21.07226801,10267.12249,,11.1713171,10348.50392,,11.27712178,10366.51117,,6.951508045,10462.42092,,13.80517793,10425.23793,,6.43208003,10508.15359,,7.927867889,10532.68312,,10.37464094,10675.19083,,20.03565502,10787.06831,,,,,,,,,,,,,,
21.69044399,10598.71426,,21.31003785,10660.46135,,20.55807471,10670.85202,,20.61346316,10683.62337,,18.79100108,10717.84089,,11.7122972,10764.34202,,16.99792528,10763.02918,,7.061808825,10902.77435,,12.26434398,10996.03203,,20.11964393,11140.11097,,,,,,,,,,,,,,
21.43018222,10207.6044,,10.12633801,10347.32065,,10.15447903,10377.72987,,12.99299908,10352.36155,,7.51779294,10423.3737,,9.739966154,10467.53087,,7.108386993,10464.00399,,6.830669165,10510.00915,,9.688544035,10663.66784,,19.98087287,10774.9508,,,,,,,,,,,,,,
22.29981685,7449.849459,,21.16330099,7475.80103,,18.89956212,7509.51934,,17.99829698,7533.30115,,11.13761711,7585.56256,,8.818915844,7565.81699,,8.809597969,7655.082074,,6.775270224,7712.676473,,9.24894309,7801.228929,,20.03459883,7833.411127,,,,,,,,,,,,,,
21.36930585,10603.07213,,13.16811395,10649.31838,,10.40021992,10691.62267,,7.108560801,10767.78287,,6.636444807,10817.68389,,6.101717949,10758.15279,,5.93137908,10827.13063,,6.485409975,10909.33191,,9.489917278,10922.50543,,19.77505398,11005.34623,,,,,,,,,,,,,,
22.17838073,9433.304168,,15.5207243,9542.244917,,16.5794251,9535.240459,,12.38664222,9589.459876,,6.713945866,9683.73456,,8.167742968,9569.331768,,7.645551205,9681.052574,,10.65183878,9676.567975,,10.48728609,9794.398092,,18.88879275,9878.086984,,,,,,,,,,,,,,
22.16905093,9335.961051,,20.2115078,9412.29612,,11.03980494,9495.171888,,10.78303409,9517.456349,,10.67831612,9440.631328,,7.067430019,9577.263013,,6.703597069,9553.356988,,6.483906031,9707.865269,,10.55514908,9753.961658,,19.88764977,9805.148482,,,,,,,,,,,,,,
21.44158316,11169.23415,,20.670578,11190.3605,,20.3358109,11195.92323,,20.44909525,11168.68431,,18.97414708,11184.49073,,10.68954229,11314.6608,,8.697276831,11386.97237,,6.053468943,11460.55872,,9.588732719,11527.62344,,19.61854386,11612.82849,,,,,,,,,,,,,,
21.48110318,10435.54071,,19.38500381,10504.9107,,9.564385891,10673.63199,,10.78954196,10664.51271,,7.220798254,10721.89263,,15.07108593,10651.50457,,10.45544004,10639.92643,,6.511361837,10816.62257,,9.741504192,10899.34389,,19.27205014,11033.52101,,,,,,,,,,,,,,
21.94728899,10687.76483,,12.56305289,10833.45884,,11.88303399,10865.27459,,11.4551568,10889.45451,,8.30751729,10918.70424,,10.4973731,10991.24404,,6.667770863,11116.75109,,6.296303034,11162.59309,,9.264712811,11265.09023,,18.62471128,11272.7465,,,,,,,,,,,,,,
22.13072586,9887.62259,,19.44830489,9947.829764,,20.26868033,9963.000959,,20.09790802,9973.24996,,19.77530909,9978.912313,,6.055575848,10144.33194,,6.910443068,10141.60853,,6.914896965,10275.51219,,9.971939087,10362.69739,,19.71522593,10376.77072,,,,,,,,,,,,,,
21.73688674,10020.20978,,11.82262564,10125.8331,,10.52427387,10172.49617,,9.402812004,10210.40493,,9.14331913,10222.60927,,10.81586909,10247.35546,,4.945734024,10395.00258,,7.95925808,10372.83793,,9.37648201,10467.41679,,19.72463107,10555.98545,,,,,,,,,,,,,,
22.33214521,10783.11916,,20.11331987,10840.85659,,15.34169817,10928.75014,,12.51583815,10944.70783,,8.636307955,10996.46314,,12.31177711,10994.81532,,6.815364838,11052.39794,,6.271373034,11169.20014,,9.794998884,11214.77153,,18.67170691,11301.26923,,,,,,,,,,,,,,
21.78372693,10417.07638,,16.54081511,10510.45491,,10.44862008,10573.3216,,9.350357056,10591.02272,,8.956801653,10617.13027,,8.475955963,10697.72515,,7.620337009,10692.81356,,6.267287016,10853.92869,,9.186887741,10939.261,,19.70813084,11009.37051,,,,,,,,,,,,,,
21.64222908,10613.31723,,20.88724303,10676.55862,,,,,11.86122322,10739.09715,,11.88604593,10762.82551,,10.43185902,10799.07662,,6.80164814,10835.50114,,,,,,,,,,,,,,,,,,,,,,,
